row_id,small_molecule_name,drug_group,reference,EE_actual,pred_det,abs_err_det,pred_rep_mean,abs_err_rep_mean,abs_err_rep_SD,abs_err_mean_predictor_rep,EE_is_zero,pred_rep_seed0,abs_err_rep_seed0,pred_rep_seed1,abs_err_rep_seed1,pred_rep_seed2,abs_err_rep_seed2,pred_rep_seed3,abs_err_rep_seed3,pred_rep_seed4,abs_err_rep_seed4,signed_err_rep_mean
0,sparfloxacin,sparfloxacin,10.1016/j.nano.2009.10.004,25.18,53.87999999999999,28.69999999999999,59.844764999999995,34.664765,4.162760128343318,39.55214442335419,False,62.33260000000001,37.152600000000014,63.65549999999998,38.47549999999998,60.18519999999999,35.00519999999999,52.88870000000003,27.70870000000003,60.16182499999998,34.98182499999998,34.664764999999996
1,sparfloxacin,sparfloxacin,10.1016/j.nano.2009.10.004,44.83,56.72869999999999,11.898699999999991,62.602479285714274,17.772479285714283,3.6060719894172357,19.902144423354194,False,65.63570000000001,20.805700000000016,63.65549999999998,18.825499999999984,64.6524714285714,19.822471428571404,56.47850000000003,11.648500000000034,62.590224999999975,17.760224999999977,17.772479285714276
2,sparfloxacin,sparfloxacin,10.1016/j.nano.2009.10.004,51.83,55.9431,4.113100000000003,55.19663333333333,3.500553333333323,2.31856766543964,12.902144423354196,False,56.522499999999994,4.6924999999999955,55.2835,3.4534999999999982,58.342999999999975,6.512999999999977,51.495200000000025,0.3347999999999729,54.33896666666667,2.508966666666673,3.3666333333333327
3,sparfloxacin,sparfloxacin,10.1016/j.nano.2009.10.004,86.6,68.7348183333334,17.8651816666666,66.71177314285718,19.888226857142804,5.186662420247926,21.867855576645802,False,69.38753666666672,17.212463333333275,62.533900000000045,24.06609999999995,71.81361571428575,14.786384285714249,59.88778000000004,26.712219999999952,69.93603333333338,16.66396666666661,-19.88822685714281
4,sparfloxacin,sparfloxacin,10.1016/j.nano.2009.10.004,60.6,62.145258333333366,1.545258333333365,58.47911171428575,4.677733047619043,4.580856549797141,4.132144423354191,False,60.60553190476195,0.005531904761951978,56.07970000000004,4.520299999999963,66.98658000000005,6.386580000000045,49.1516466666667,11.448353333333301,59.57210000000005,1.0278999999999527,-2.1208882857142513
5,diazepam,diazepam,10.1208/s12249-015-0294-0,82.0,70.76996666666668,11.230033333333324,68.77023314285714,13.229766857142863,4.011726036152676,17.71679970407221,False,71.9962,10.003799999999998,73.01879999999998,8.981200000000015,65.65314285714285,16.346857142857147,69.48189999999998,12.518100000000018,63.70112285714286,18.298877142857137,-13.229766857142863
6,diazepam,diazepam,10.1208/s12249-015-0294-0,88.0,80.62039909090909,7.379600909090911,78.93379599999997,9.066204000000019,2.4966798305687377,23.71679970407221,False,81.89049999999992,6.109500000000082,78.48855333333337,9.511446666666629,78.30319999999996,9.696800000000039,80.62269999999998,7.3773000000000195,75.36402666666667,12.635973333333325,-9.066204000000027
7,diazepam,diazepam,10.1208/s12249-015-0294-0,77.0,79.91062909090911,2.9106290909091115,75.21360171428574,4.496023619047622,2.858493656509513,12.716799704072207,False,77.88653333333336,0.8865333333333609,82.88753000000004,5.887530000000041,70.26205000000003,6.7379499999999695,75.03514523809525,1.9648547619047463,69.99675,7.003249999999994,-1.786398285714256
8,diazepam,diazepam,10.1208/s12249-015-0294-0,81.0,72.28890000000001,8.711099999999988,68.93021066666667,12.069789333333338,5.441823027134569,16.71679970407221,False,71.71994999999998,9.280050000000017,76.88329999999998,4.116700000000023,63.41310000000003,17.58689999999997,67.60709999999999,13.392900000000012,65.02760333333333,15.972396666666668,-12.069789333333333
9,diazepam,diazepam,10.1208/s12249-015-0294-0,82.0,76.88390909090913,5.116090909090872,74.46810238095242,7.531897619047586,3.336436518511228,17.71679970407221,False,76.57983333333334,5.42016666666666,78.74221333333338,3.257786666666618,71.27172666666671,10.728273333333291,74.6756785714286,7.324321428571395,71.07106000000003,10.928939999999969,-7.531897619047584
10,diazepam,diazepam,10.1208/s12249-015-0294-0,84.0,78.8043290909091,5.195670909090893,68.76041804761905,15.239581952380945,6.662527111917001,19.71679970407221,False,73.58739333333335,10.412606666666647,60.033018333333324,23.966981666666676,64.40175,19.598249999999993,76.42447857142858,7.57552142857142,69.35545000000002,14.644549999999981,-15.239581952380945
11,diazepam,diazepam,10.1208/s12249-015-0294-0,82.0,78.90212909090911,3.0978709090908865,74.32371838095239,8.113093619047614,4.631149771107561,17.71679970407221,False,75.97743333333335,6.022566666666648,83.09203000000004,1.0920300000000367,69.49700000000001,12.502999999999986,72.44967857142859,9.550321428571408,70.60245,11.397549999999995,-7.676281619047614
12,diazepam,diazepam,10.1208/s12249-015-0294-0,84.0,82.7992768686869,1.2007231313130973,79.41407852380955,4.585921476190444,3.080738276609956,19.71679970407221,False,82.32595,1.674049999999994,81.53066666666669,2.46933333333331,77.27824952380958,6.721750476190422,80.81902880952386,3.180971190476143,75.11649761904765,8.88350238095235,-4.58592147619045
13,diazepam,diazepam,10.1208/s12249-015-0294-0,87.0,73.74690000000001,13.25309999999999,67.51637666666667,19.483623333333334,8.340959204894974,22.71679970407221,False,74.04135,12.958650000000006,74.22649999999999,12.773500000000013,64.35980000000002,22.64019999999998,70.5373,16.462699999999998,54.416933333333326,32.583066666666674,-19.483623333333327
14,diazepam,diazepam,10.1208/s12249-015-0294-0,86.0,81.57620409090914,4.423795909090856,77.83875400000004,8.161245999999958,2.2555331300362287,21.71679970407221,False,79.65841333333337,6.341586666666629,80.29349333333333,5.7065066666666695,75.11933000000005,10.880669999999952,78.15866666666673,7.841333333333267,75.96386666666673,10.036133333333268,-8.161245999999963
15,diazepam,diazepam,10.1208/s12249-015-0294-0,79.0,78.44142909090911,0.5585709090908892,75.0076996666667,4.82745699999999,2.722329900736919,14.716799704072207,False,76.21867499999999,2.7813250000000096,81.08789166666669,2.0878916666666925,69.95884000000002,9.041159999999977,74.01609166666668,4.983908333333318,73.75700000000005,5.242999999999952,-3.9923003333333043
16,diazepam,diazepam,10.1208/s12249-015-0294-0,92.0,81.83336666666673,10.166633333333266,76.83273914285719,15.16726085714281,4.976728794387474,27.71679970407221,False,84.27610000000006,7.723899999999944,71.51585000000004,20.484149999999957,76.19364285714289,15.80635714285711,78.72380000000007,13.276199999999932,73.45430285714289,18.545697142857108,-15.167260857142807
17,diazepam,diazepam,10.1208/s12249-015-0294-0,85.0,82.05629909090912,2.943700909090879,79.68010233333337,5.319897666666634,2.544402314968862,20.71679970407221,False,81.90585238095238,3.094147619047618,82.25288666666671,2.7471133333332887,77.10083333333337,7.8991666666666305,80.1840916666667,4.815908333333297,76.95684761904766,8.043152380952336,-5.319897666666634
18,diazepam,diazepam,10.1208/s12249-015-0294-0,86.0,81.48272000000003,4.517279999999971,75.67044166666669,10.329558333333313,2.9904883920268213,21.71679970407221,False,80.8172,5.1828,74.49000000000002,11.509999999999977,73.05150000000002,12.948499999999981,75.24470000000004,10.755299999999963,74.74880833333336,11.251191666666642,-10.32955833333331
19,diazepam,diazepam,10.1208/s12249-015-0294-0,88.0,83.25760000000004,4.742399999999961,76.64196233333334,11.358037666666647,4.149186777319144,23.71679970407221,False,83.81325000000002,4.186749999999975,74.72733333333335,13.272666666666652,74.83600000000003,13.163999999999973,76.42570000000002,11.57429999999998,73.40752833333335,14.592471666666654,-11.358037666666661
20,diazepam,diazepam,10.1208/s12249-015-0294-0,76.0,70.5829,5.417100000000005,68.28192166666665,7.87011833333334,4.986741957097904,11.716799704072207,False,69.65479999999995,6.345200000000048,76.38009999999997,0.38009999999997035,62.092,13.908000000000001,66.92169999999997,9.078300000000027,66.36100833333334,9.638991666666655,-7.718078333333352
21,diazepam,diazepam,10.1208/s12249-015-0294-0,89.0,82.8114490909091,6.188550909090907,80.03666766666669,8.963332333333316,2.269447979530236,24.71679970407221,False,83.2982,5.701800000000006,79.17314500000008,9.826854999999924,80.02535,8.974649999999997,80.62798333333336,8.372016666666639,77.05865999999999,11.941340000000011,-8.963332333333312
22,diazepam,diazepam,10.1208/s12249-015-0294-0,92.0,83.45049242424246,8.549507575757545,79.68855633333337,12.311443666666637,2.9374031924460464,27.71679970407221,False,83.15565000000001,8.844349999999991,80.72430000000003,11.275699999999972,77.30300000000004,14.69699999999996,81.22679166666673,10.773208333333272,76.03304000000001,15.966959999999986,-12.311443666666634
23,diazepam,diazepam,10.1208/s12249-015-0294-0,87.0,81.84214853535356,5.157851464646441,78.837433,8.162566999999992,3.323960225373395,22.71679970407221,False,81.41008833333335,5.5899116666666515,83.01343333333331,3.9865666666666897,76.52105000000002,10.478949999999983,78.19437666666667,8.80562333333333,75.04821666666669,11.95178333333331,-8.162566999999996
24,diazepam,diazepam,10.1208/s12249-015-0294-0,69.0,77.9611568686869,8.9611568686869,75.8379497619048,6.837949761904793,3.528986444409232,4.716799704072207,False,75.13145000000002,6.131450000000015,81.4086666666667,12.408666666666704,73.38394000000002,4.383940000000024,76.79574214285718,7.795742142857179,72.46995000000004,3.46995000000004,6.837949761904795
25,diazepam,diazepam,10.1208/s12249-015-0294-0,73.0,71.67450000000002,1.3254999999999768,68.48446166666668,5.94637833333333,3.646922410696283,8.716799704072207,False,70.79424999999998,2.205750000000023,76.57709999999999,3.5770999999999873,63.57660000000003,9.423399999999972,68.7404,4.259600000000006,62.73395833333334,10.26604166666666,-4.515538333333325
26,diazepam,diazepam,10.1208/s12249-015-0294-0,91.0,82.21486909090912,8.785130909090881,79.7364516666667,11.263548333333304,2.9415881511103317,26.71679970407221,False,83.15849999999999,7.841500000000011,77.79831166666675,13.201688333333252,79.65035000000003,11.349649999999968,82.05090333333337,8.949096666666634,76.02419333333334,14.975806666666656,-11.263548333333304
27,diazepam,diazepam,10.1208/s12249-015-0294-0,89.0,81.4356040909091,7.564395909090905,78.64683633333334,10.353163666666655,3.630464541102213,24.71679970407221,False,81.84778833333336,7.152211666666645,82.20993333333332,6.790066666666675,76.58940000000003,12.410599999999974,78.98334333333334,10.016656666666663,73.60371666666668,15.396283333333315,-10.35316366666666
28,diazepam,diazepam,10.1208/s12249-015-0294-0,88.0,82.26127909090911,5.738720909090887,79.51806900000004,8.481930999999971,2.637234650098628,23.71679970407221,False,81.4620523809524,6.5379476190476,82.92138666666669,5.078613333333308,76.53670000000004,11.463299999999961,78.95599166666672,9.04400833333328,77.71421428571429,10.285785714285709,-8.48193099999996
29,diazepam,diazepam,10.1208/s12249-015-0294-0,91.0,83.37024000000005,7.629759999999948,76.68194000000003,14.318059999999974,4.177768449792714,26.71679970407221,False,83.50365000000004,7.496349999999964,74.72753333333334,16.27246666666666,74.89710000000004,16.102899999999963,77.54103333333337,13.458966666666626,72.74038333333334,18.25961666666666,-14.318059999999974
31,rivastigmine-tartrate,rivastigmine,10.1016/j.ejpb.2010.07.007,71.53,63.12061047619046,8.409389523809544,59.81719600000001,11.712803999999993,3.187110751611837,6.828828092500087,False,62.07841666666667,9.451583333333332,58.989024999999984,12.540975000000017,63.02996000000005,8.500039999999949,60.113264999999984,11.416735000000017,54.87531333333335,16.65468666666665,-11.712803999999991
32,rivastigmine-tartrate,rivastigmine,10.1016/j.ejpb.2010.07.007,69.86,61.61803547619043,8.241964523809571,58.82478933333333,11.035210666666664,3.2199182330371956,5.158828092500086,False,61.24721666666667,8.612783333333333,58.55229166666663,11.307708333333366,61.696960000000054,8.163039999999945,59.021964999999994,10.838035000000005,53.60551333333333,16.254486666666672,-11.035210666666671
33,rivastigmine-tartrate,rivastigmine,10.1016/j.ejpb.2010.07.007,67.39,61.400635476190445,5.989364523809556,56.932541,10.457458999999997,3.484239383014534,2.688828092500087,False,60.78591666666668,6.604083333333321,56.002149999999986,11.387850000000014,58.96339333333337,8.426606666666629,57.32363166666665,10.066368333333351,51.58761333333334,15.802386666666663,-10.457459
34,rivastigmine-tartrate,rivastigmine,10.1016/j.ejpb.2010.07.007,72.65,62.43201047619046,10.217989523809543,59.77905599999999,12.870944000000014,3.5414812250197603,7.948828092500092,False,61.88608333333331,10.763916666666695,58.61932499999998,14.030675000000024,63.80146000000001,8.848539999999993,60.1097983333333,12.540201666666704,54.47861333333335,18.171386666666656,-12.870944000000016
35,rivastigmine-tartrate,rivastigmine,10.1016/j.ejpb.2010.07.007,71.42,60.936435476190425,10.483564523809576,58.721982666666655,12.698017333333354,3.607944875489797,6.718828092500088,False,60.940516666666625,10.479483333333377,58.15829166666663,13.261708333333374,62.51786000000002,8.902139999999982,58.96019833333331,12.459801666666692,53.03304666666666,18.386953333333345,-12.698017333333347
36,rivastigmine-tartrate,rivastigmine,10.1016/j.ejpb.2010.07.007,68.21,60.703935476190466,7.506064523809528,56.657774333333315,11.55222566666667,3.578023712095282,3.5088280925000803,False,60.17021666666665,8.039783333333347,55.59654999999998,12.613450000000014,59.026793333333345,9.18320666666665,57.45046499999998,10.759535000000014,51.044846666666665,17.16515333333333,-11.55222566666668
37,rivastigmine-tartrate,rivastigmine,10.1016/j.ejpb.2010.07.007,74.19,63.639391428571386,10.550608571428612,58.93908233333334,15.250917666666652,6.755860903564334,9.488828092500084,False,63.24544833333334,10.944551666666655,54.23180833333335,19.95819166666665,68.77826,5.411739999999995,54.72666500000003,19.463334999999965,53.71323,20.476769999999995,-15.250917666666659
38,rivastigmine-tartrate,rivastigmine,10.1016/j.ejpb.2010.07.007,73.76,62.91561642857139,10.844383571428615,58.44736733333334,15.312632666666662,6.64746374166499,9.058828092500091,False,62.56724833333334,11.192751666666666,53.983675000000005,19.776325,68.20309333333333,5.556906666666677,54.18349000000003,19.576509999999978,53.29933000000001,20.460669999999993,-15.312632666666666
39,rivastigmine-tartrate,rivastigmine,10.1016/j.ejpb.2010.07.007,70.66,62.39316642857139,8.266833571428606,56.535019666666685,14.124980333333308,6.169034583382783,5.958828092500083,False,62.04512333333334,8.614876666666653,51.452533333333356,19.20746666666664,64.34226000000002,6.317739999999972,53.18427166666671,17.475728333333286,51.650909999999996,19.00909,-14.124980333333312
40,rivastigmine-tartrate,rivastigmine,10.1016/j.ejpb.2010.07.007,72.27,62.39439499999997,9.875605000000029,58.23639899999999,14.033601000000004,2.9232618061711264,7.568828092500082,False,56.83765,15.43235,59.11566666666665,13.154333333333348,62.67536499999999,9.594635000000004,57.70259999999998,14.567400000000013,54.85071333333333,17.419286666666665,-14.033601000000004
41,rivastigmine-tartrate,rivastigmine,10.1016/j.ejpb.2010.07.007,71.64,60.89854499999995,10.741455000000052,56.96893233333331,14.671067666666687,2.8569010275903293,6.938828092500087,False,55.57024999999998,16.06975000000002,59.0324333333333,12.607566666666699,60.382664999999996,11.257335000000005,56.727199999999975,14.912800000000026,53.132113333333315,18.507886666666685,-14.671067666666687
42,rivastigmine-tartrate,rivastigmine,10.1016/j.ejpb.2010.07.007,68.34,60.638444999999955,7.701555000000049,54.829888999999994,13.510111000000013,2.295582986466618,3.63882809250009,False,54.94924999999999,13.390750000000011,56.481683333333315,11.858316666666688,56.712898333333335,11.627101666666668,55.01699999999999,13.323000000000015,50.988613333333326,17.351386666666677,-13.510111000000009
43,rivastigmine-tartrate,rivastigmine,10.1016/j.ejpb.2010.07.007,73.23,61.93779499999998,11.292205000000024,56.79142971428572,16.438570285714285,3.6613417940729014,8.52882809250009,False,54.184578571428595,19.04542142857141,58.80906666666665,14.420933333333352,61.842790000000015,11.387209999999989,56.468699999999984,16.76130000000002,52.65201333333335,20.577986666666654,-16.438570285714285
44,rivastigmine-tartrate,rivastigmine,10.1016/j.ejpb.2010.07.007,72.19,60.56954499999997,11.620455000000028,55.40294304761903,16.787056952380958,3.702464227887758,7.488828092500084,False,52.63837857142857,19.55162142857143,58.6130333333333,13.5769666666667,59.67209000000002,12.51790999999998,54.98799999999997,17.202000000000027,51.103213333333336,21.08678666666666,-16.787056952380965
45,rivastigmine-tartrate,rivastigmine,10.1016/j.ejpb.2010.07.007,69.61,60.32774499999998,9.28225500000002,53.19277971428572,16.41722028571428,2.9307503218528943,4.908828092500086,False,51.867878571428584,17.742121428571416,56.05068333333332,13.559316666666682,55.674123333333355,13.935876666666644,53.44609999999999,16.163900000000012,48.92511333333335,20.68488666666665,-16.41722028571428
46,rivastigmine-tartrate,rivastigmine,10.1016/j.ejpb.2010.07.007,75.64,62.91194499999997,12.728055000000033,56.51534033333335,19.124659666666652,5.694659155581229,10.938828092500087,False,57.12214833333333,18.517851666666672,55.20460000000003,20.435399999999973,65.96562333333337,9.674376666666632,52.33340000000001,23.30659999999999,51.95093,23.68907,-19.124659666666652
47,rivastigmine-tartrate,rivastigmine,10.1016/j.ejpb.2010.07.007,75.08,61.94459499999998,13.13540500000002,55.606828666666686,19.47317133333332,5.526629863263745,10.378828092500084,False,55.69764833333332,19.38235166666668,55.03396666666669,20.046033333333305,64.77672333333335,10.303276666666648,51.18617500000002,23.89382499999998,51.33963,23.74037,-19.473171333333312
48,rivastigmine-tartrate,rivastigmine,10.1016/j.ejpb.2010.07.007,74.46,61.58614499999998,12.873855000000013,53.769670000000005,20.69032999999999,4.601848099458388,9.75882809250008,False,55.15822333333332,19.301776666666676,52.61941666666671,21.840583333333285,61.04960999999999,13.410390000000007,50.324690000000025,24.13530999999997,49.69640999999999,24.76359,-20.69032999999999
49,rivastigmine-tartrate,rivastigmine,10.1016/j.ejpb.2010.07.007,73.12,61.669394999999966,11.450605000000039,57.43784399999997,15.68215600000003,3.293687746187465,8.41882809250009,False,56.17174999999997,16.948250000000037,57.70396666666666,15.416033333333345,62.86638999999995,10.253610000000052,56.32909999999996,16.790900000000043,54.11801333333334,19.001986666666667,-15.682156000000035
50,rivastigmine-tartrate,rivastigmine,10.1016/j.ejpb.2010.07.007,70.15,60.22284499999997,9.927155000000035,56.21323733333331,13.936762666666699,3.265114471586451,5.448828092500092,False,54.60174999999998,15.548250000000024,57.521033333333314,12.628966666666692,61.102989999999956,9.04701000000005,55.31859999999996,14.831400000000045,52.52181333333332,17.628186666666686,-13.936762666666695
51,rivastigmine-tartrate,rivastigmine,10.1016/j.ejpb.2010.07.007,68.81,59.89714499999995,8.91285500000005,54.07957399999998,14.730426000000017,2.6296353476664196,4.108828092500088,False,54.41404999999999,14.395950000000013,55.04108333333333,13.76891666666667,57.39852333333332,11.41147666666668,53.34679999999997,15.463200000000029,50.197413333333316,18.612586666666687,-14.730426000000023
52,rivastigmine-tartrate,rivastigmine,10.1016/j.ejpb.2010.07.007,74.26,60.75599499999998,13.504005000000028,55.4775697142857,18.782430285714305,3.7874848075673526,9.558828092500091,False,52.45557857142856,21.804421428571445,57.27516666666665,16.984833333333356,61.05568999999998,13.204310000000028,54.787899999999965,19.47210000000004,51.81351333333335,22.446486666666658,-18.782430285714305
53,rivastigmine-tartrate,rivastigmine,10.1016/j.ejpb.2010.07.007,73.15,59.47134499999997,13.678655000000035,54.09388304761903,19.056116952380975,3.961139236682853,8.448828092500092,False,50.58717857142857,22.562821428571432,57.02693333333331,16.123066666666695,59.30628999999997,13.843710000000037,53.17709999999997,19.97290000000004,50.371913333333325,22.77808666666668,-19.056116952380975
54,rivastigmine-tartrate,rivastigmine,10.1016/j.ejpb.2010.07.007,70.85,59.16394499999997,11.686055000000025,51.85079971428572,18.999200285714277,2.9902366495229784,6.1488280925000804,False,50.13187857142858,20.718121428571415,54.470983333333336,16.379016666666658,55.20822333333334,15.641776666666651,51.39559999999999,19.454400000000007,48.04731333333334,22.802686666666652,-18.999200285714274
55,rivastigmine-tartrate,rivastigmine,10.1016/j.ejpb.2010.07.007,76.24,62.149044999999994,14.090955000000001,55.79725366666666,20.442746333333332,5.297629884814891,11.538828092500081,False,56.35761499999997,19.882385000000028,54.003100000000025,22.23689999999997,64.70102333333332,11.53897666666667,51.82970000000001,24.410299999999985,52.09482999999998,24.145170000000014,-20.442746333333332
56,rivastigmine-tartrate,rivastigmine,10.1016/j.ejpb.2010.07.007,75.31,60.90259499999999,14.407405000000011,54.807082,20.502917999999994,5.036010291948682,10.608828092500088,False,54.76381499999998,20.546185000000023,53.7834666666667,21.526533333333305,63.309523333333345,12.000476666666657,50.60937500000002,24.70062499999998,51.56923,23.740770000000005,-20.502918
57,rivastigmine-tartrate,rivastigmine,10.1016/j.ejpb.2010.07.007,74.79,60.757694999999984,14.032305000000022,52.934912333333344,21.855087666666662,4.173296120090274,10.088828092500092,False,54.50361499999998,20.286385000000024,51.410016666666706,23.3799833333333,59.49561000000001,15.294389999999993,49.74879000000003,25.041209999999978,49.51652999999998,25.273470000000025,-21.855087666666662
58,flurbiprofen,flurbiprofen,10.1002/jps.21383,94.6,49.48586666666669,45.11413333333331,38.168416666666666,56.431583333333336,17.245526542241798,30.757961948098814,False,18.930900000000015,75.66909999999999,52.302149999999976,42.29785000000002,19.7828,74.81719999999999,51.62796666666666,42.972033333333336,48.19826666666668,46.40173333333331,-56.43158333333333
59,flurbiprofen,flurbiprofen,10.1002/jps.21383,85.94,54.46766666666668,31.472333333333317,40.40727133333333,45.53272866666667,18.294781975605552,22.097961948098817,False,21.03510000000001,64.90489999999998,58.91319999999997,27.02680000000003,20.3568,65.5832,51.23299,34.70701,50.49826666666666,35.44173333333334,-45.53272866666667
60,flurbiprofen,flurbiprofen,10.1002/jps.21383,84.7,54.46766666666668,30.232333333333322,40.40727133333333,44.29272866666667,18.29478197560555,20.857961948098822,False,21.03510000000001,63.66489999999999,58.91319999999997,25.786800000000035,20.3568,64.3432,51.23299,33.46701,50.49826666666666,34.201733333333344,-44.292728666666676
61,docetaxel,docetaxel,10.1039/c7bm01206c,80.5,65.20049444444444,15.299505555555555,56.54373546398044,23.956264536019557,6.837141693494273,16.043363805562215,False,61.667139682539656,18.832860317460344,60.50829999999997,19.99170000000003,47.74368809523809,32.75631190476191,50.588720634920655,29.911279365079345,62.21082890720385,18.289171092796153,-23.95626453601956
62,lorazepam,lorazepam,10.1155/2014/156010,70.0,73.09790000000002,3.097900000000024,71.61957533333333,6.61687799999999,4.660042979484436,5.506028385462682,False,78.2808,8.2808,70.54463333333334,0.5446333333333371,78.29259999999996,8.292599999999965,57.50674333333334,12.49325666666666,73.47309999999999,3.473099999999988,1.61957533333333
63,lorazepam,lorazepam,10.1155/2014/156010,88.48,81.89387333333336,6.586126666666644,78.38010495238098,10.099895047619032,10.542541551238415,23.98602838546269,False,83.587,4.893000000000001,78.32491000000006,10.155089999999944,87.0201380952381,1.4598619047619081,60.355226666666674,28.12477333333333,82.61325000000002,5.866749999999982,-10.099895047619029
64,lorazepam,lorazepam,10.1155/2014/156010,83.0,81.11700000000003,1.8829999999999671,74.42157600000003,8.578423999999979,10.003612651850293,18.50602838546268,False,77.22465000000003,5.775349999999975,81.70535333333339,1.2946466666666083,79.97810833333332,3.0218916666666757,56.952458333333354,26.047541666666646,76.24731000000001,6.752689999999987,-8.57842399999997
65,lorazepam,lorazepam,10.1155/2014/156010,71.0,77.33850000000002,6.338500000000025,71.1614365,5.699386833333321,5.430442887109206,6.506028385462682,False,76.3704,5.370400000000004,72.13865833333331,1.1386583333333107,78.63529999999997,7.635299999999972,57.15512416666668,13.844875833333319,71.5077,0.5076999999999998,0.16143649999999354
66,lorazepam,lorazepam,10.1155/2014/156010,81.0,80.49496666666668,0.5050333333333157,75.5074385714286,6.2690385714285615,9.767182803081242,16.50602838546268,False,81.09208333333336,0.09208333333336327,78.74002333333338,2.259976666666617,82.84910952380953,1.8491095238095312,57.398993333333365,23.601006666666635,77.45698333333334,3.5430166666666594,-5.492561428571406
67,lorazepam,lorazepam,10.1155/2014/156010,83.5,78.85350000000003,4.646499999999975,62.3068945,21.1931055,10.9805730674578,19.00602838546268,False,57.900999999999996,25.599000000000004,56.12630833333332,27.37369166666668,81.85703749999999,1.64296250000001,56.75299166666669,26.747008333333312,58.897135,24.602865,-21.1931055
68,lorazepam,lorazepam,10.1155/2014/156010,75.0,82.69063333333335,7.690633333333352,75.77416433333335,7.766627666666682,5.832775965193912,10.506028385462681,False,80.28283333333336,5.2828333333333575,81.92175333333338,6.921753333333385,82.26073333333333,7.260733333333334,57.518841666666674,17.481158333333326,76.88666,1.8866600000000062,0.7741643333333457
69,lorazepam,lorazepam,10.1155/2014/156010,86.6,82.75846666666666,3.841533333333331,76.73925630952382,9.86074369047618,9.023739579769103,22.106028385462672,False,80.09653333333333,6.503466666666668,79.04534666666666,7.554653333333334,84.13042321428571,2.469576785714281,61.01192500000004,25.588074999999954,79.41205333333333,7.187946666666662,-9.86074369047617
70,lorazepam,lorazepam,10.1155/2014/156010,76.0,75.85240000000002,0.14759999999998286,70.81996983333333,5.74631016666666,6.870549882271732,11.506028385462681,False,75.7879,0.21210000000000662,69.49545833333333,6.504541666666668,77.41569999999997,1.4156999999999726,58.72199083333335,17.27800916666665,72.6788,3.3212000000000046,-5.180030166666668
71,lorazepam,lorazepam,10.1155/2014/156010,84.3,80.88169666666667,3.418303333333327,76.53627833333334,7.763721666666652,7.795547966444613,19.806028385462678,False,79.60688333333336,4.69311666666664,77.82979999999998,6.47020000000002,83.41673333333334,0.8832666666666569,63.1223416666667,21.177658333333298,78.70563333333335,5.5943666666666445,-7.763721666666655
72,lorazepam,lorazepam,10.1155/2014/156010,80.0,80.92059000000003,0.9205900000000327,74.14137933333333,5.858620666666655,8.47021425900757,15.506028385462681,False,78.55359,1.4464100000000002,79.27658166666669,0.7234183333333135,79.04855,0.9514499999999941,59.411008333333356,20.588991666666644,74.41716666666667,5.582833333333326,-5.858620666666667
73,lorazepam,lorazepam,10.1155/2014/156010,90.1,79.2114666666667,10.8885333333333,74.93162866666667,15.168371333333312,10.65038308941398,25.606028385462672,False,80.6701,9.42989999999999,69.09315000000004,21.006849999999957,86.42190000000001,3.6780999999999864,59.49459333333336,30.60540666666663,78.9784,11.1216,-15.168371333333326
74,lorazepam,lorazepam,10.1155/2014/156010,83.5,80.33926666666667,3.160733333333326,76.5329326666667,6.9670673333333095,7.458328080357213,19.00602838546268,False,77.79518333333336,5.704816666666645,79.12357166666669,4.376428333333308,83.228,0.27200000000000557,63.7174583333334,19.782541666666603,78.80045000000001,4.699549999999988,-6.967067333333304
75,lorazepam,lorazepam,10.1155/2014/156010,82.0,79.9611,2.038899999999998,73.97251233333334,8.375887666666653,6.809787886377588,17.50602838546268,False,76.81890000000001,5.1810999999999865,71.81680833333334,10.183191666666659,82.87099999999998,0.8709999999999809,63.00705333333336,18.99294666666664,75.3488,6.651200000000003,-8.027487666666659
76,lorazepam,lorazepam,10.1155/2014/156010,88.0,81.26716666666668,6.732833333333318,73.48722316666667,14.512776833333334,9.750608749581177,23.506028385462677,False,78.96010000000001,9.039899999999989,70.00139166666666,17.998608333333337,84.43619999999999,3.5638000000000147,58.81422416666668,29.185775833333317,75.2242,12.775800000000004,-14.512776833333334
77,lorazepam,lorazepam,10.1155/2014/156010,66.4,74.5394,8.139399999999995,70.32953233333333,6.377190999999977,1.886084472580827,1.9060283854626874,False,73.09779999999999,6.697799999999987,73.69690833333331,7.296908333333306,74.80909999999996,8.409099999999953,60.28085333333337,6.119146666666637,69.763,3.3629999999999995,3.929532333333327
78,lorazepam,lorazepam,10.1155/2014/156010,87.83,81.53311666666667,6.2968833333333265,77.707665,10.122334999999989,10.390262349273492,23.336028385462683,False,82.39035,5.43965,77.89611166666673,9.933888333333272,87.08115999999998,0.7488400000000155,60.08416000000002,27.74583999999998,81.08654333333332,6.743456666666674,-10.122334999999993
79,lorazepam,lorazepam,10.1155/2014/156010,89.0,83.44706666666666,5.552933333333343,77.5728143095238,11.42718569047619,9.108622186949813,24.506028385462677,False,81.56373333333333,7.436266666666668,76.70397999999999,12.296020000000013,86.4351375,2.564862500000004,62.5022873809524,26.497712619047597,80.65893333333334,8.341066666666663,-11.427185690476193
80,lorazepam,lorazepam,10.1155/2014/156010,88.0,83.57239666666666,4.427603333333337,77.61460016666666,10.385399833333341,10.20505310333007,23.506028385462677,False,81.63198333333332,6.368016666666676,81.09836499999994,6.901635000000056,85.04954833333333,2.950451666666666,59.62337500000002,28.376624999999983,80.66972916666667,7.33027083333333,-10.385399833333338
81,lorazepam,lorazepam,10.1155/2014/156010,65.5,78.2478,12.747799999999998,74.04298864285715,10.82623197619047,3.1676534780165833,1.1138673947506077,False,76.07209333333333,10.572093333333328,78.94434666666669,13.44434666666669,78.97396488095237,13.473964880952366,59.7918916666667,5.7081083333333,76.43264666666667,10.93264666666667,8.542988642857154
82,lorazepam,lorazepam,10.1155/2014/156010,69.0,74.25380000000001,5.2538000000000125,69.93670983333331,5.448513499999986,3.6083912367300925,4.506028385462682,False,74.3695,5.369500000000002,71.84545833333331,2.845458333333312,74.65469999999996,5.654699999999963,57.72049083333335,11.27950916666665,71.0934,2.0934000000000026,0.9367098333333104
83,lorazepam,lorazepam,10.1155/2014/156010,88.0,80.50051666666668,7.499483333333316,77.74984816666668,10.250151833333309,10.468638048648428,23.506028385462677,False,81.75590000000001,6.244099999999989,76.6513533333334,11.348646666666596,87.45815749999998,0.5418425000000155,60.32249333333336,27.677506666666638,82.56133666666669,5.438663333333309,-10.25015183333332
84,lorazepam,lorazepam,10.1155/2014/156010,87.0,82.13628000000003,4.863719999999972,77.06425183333334,9.935748166666666,9.76316504267985,22.506028385462677,False,79.55465,7.445350000000005,80.097365,6.902635000000004,84.59257333333335,2.4074266666666517,59.954741666666656,27.045258333333344,81.12192916666667,5.878070833333325,-9.935748166666656
85,lorazepam,lorazepam,10.1155/2014/156010,84.0,81.80356666666668,2.1964333333333173,77.07632933333335,7.129710666666652,7.800829236274814,19.50602838546268,False,79.85313333333335,4.146866666666654,79.50037166666667,4.499628333333334,84.5151,0.5151000000000039,63.37114166666672,20.628858333333277,78.1419,5.858099999999993,-6.923670666666652
86,lorazepam,lorazepam,10.1155/2014/156010,88.0,80.0873666666667,7.912633333333304,73.76414650000001,14.23585349999999,9.421453820779748,23.506028385462677,False,78.06415000000001,9.935849999999988,70.01459166666669,17.98540833333331,84.24529999999999,3.754700000000014,59.53619083333336,28.463809166666643,76.96050000000001,11.03949999999999,-14.23585349999999
87,lorazepam,lorazepam,10.1155/2014/156010,85.12,82.75846666666666,2.361533333333341,76.73925630952382,8.38074369047619,9.023739579769103,20.626028385462686,False,80.09653333333333,5.023466666666678,79.04534666666666,6.074653333333345,84.13042321428571,0.9895767857142914,61.01192500000004,24.108074999999964,79.41205333333333,5.707946666666672,-8.38074369047618
88,rubitecan,rubitecan,10.1016/j.ejpb.2006.09.004,33.5,78.52540000000005,45.02540000000005,69.78564866666675,36.285648666666745,8.99108668120874,31.475791936251674,False,66.36843333333341,32.868433333333414,81.84910000000009,48.34910000000009,76.4960000000001,42.996000000000095,63.37486000000007,29.87486000000007,60.83985000000005,27.339850000000048,36.285648666666745
89,lopinavir,lopinavir,10.1080/10717544.2016.1199605,36.5,74.95930000000003,38.45930000000003,75.39537490476192,38.89537490476192,5.1124925756226345,28.32068068155194,False,75.20562500000001,38.70562500000001,75.65378000000004,39.15378000000004,81.33460952380955,44.83460952380955,77.4474,40.9474,67.33546,30.835459999999998,38.89537490476192
90,lopinavir,lopinavir,10.1080/10717544.2016.1199605,29.4,75.43972333333336,46.03972333333336,75.82702052380952,46.42702052380953,5.027629407701803,35.42068068155194,False,75.728125,46.32812500000001,76.25864142857145,46.85864142857145,81.51565952380953,52.11565952380953,77.83745,48.437450000000005,67.79522666666664,38.39522666666664,46.427020523809524
91,lopinavir,lopinavir,10.1080/10717544.2016.1199605,21.3,75.50517333333332,54.20517333333332,75.53846109523809,54.23846109523811,4.659501951203445,43.52068068155195,False,75.35798428571428,54.057984285714284,75.84800333333334,54.54800333333334,80.80336119047621,59.50336119047621,77.5557566666667,56.2557566666667,68.12719999999997,46.827199999999976,54.238461095238094
92,lopinavir,lopinavir,10.1080/10717544.2016.1199605,50.9,73.71579833333335,22.815798333333355,75.26169966666666,24.361699666666663,1.8533049060823485,13.920680681551943,False,76.53692833333334,25.636928333333337,74.65401000000001,23.754010000000015,77.72260333333332,26.822603333333326,74.32749333333334,23.427493333333338,73.06746333333331,22.16746333333331,24.36169966666666
93,lopinavir,lopinavir,10.1080/10717544.2016.1199605,48.7,73.55069833333336,24.850698333333355,75.10332433333333,26.40332433333333,1.8346194425235915,16.12068068155194,False,76.31511833333334,27.615118333333342,74.32431000000003,25.624310000000023,77.59623666666666,28.896236666666653,74.30889333333334,25.60889333333334,72.9720633333333,24.272063333333293,26.40332433333333
94,lopinavir,lopinavir,10.1080/10717544.2016.1199605,38.2,72.558565,34.358565,75.62302119047618,37.423021190476184,1.8701322602808454,26.62068068155194,False,76.75186000000001,38.551860000000005,74.60589833333336,36.405898333333354,77.89264690476189,39.69264690476189,75.79142500000002,37.591425000000015,73.07327571428567,34.87327571428567,37.42302119047618
95,lopinavir,lopinavir,10.1080/10717544.2016.1199605,51.1,70.75962333333332,19.65962333333332,67.40626633333332,16.30626633333332,2.441262582460722,13.72068068155194,False,69.465325,18.365325000000006,69.64487333333332,18.54487333333332,68.19687666666664,17.09687666666664,65.57544,14.475439999999999,64.14881666666665,13.048816666666646,16.30626633333332
96,lopinavir,lopinavir,10.1080/10717544.2016.1199605,57.3,70.71671333333332,13.41671333333332,67.18710633333333,9.887106333333332,2.179789918566448,7.520680681551944,False,68.76882500000002,11.468825000000024,69.52464,12.224640000000008,67.72697666666663,10.426976666666633,65.59264000000002,8.29264000000002,64.32244999999998,7.022449999999978,9.887106333333335
97,lopinavir,lopinavir,10.1080/10717544.2016.1199605,40.3,69.85168999999998,29.55168999999998,67.34369347619045,27.04369347619047,1.618076827074723,24.520680681551944,False,68.736085,28.436085000000006,69.08333999999999,28.783339999999995,66.9737683333333,26.6737683333333,66.844705,26.544705000000008,65.08056904761902,24.780569047619025,27.043693476190455
98,lopinavir,lopinavir,10.1080/10717544.2016.1199605,61.6,75.79974000000007,14.19974000000007,75.84602314285718,14.246023142857172,4.672592434454023,3.22068068155194,False,75.94439000000003,14.344390000000026,74.73675333333337,13.136753333333367,82.38486238095244,20.78486238095244,76.82751000000002,15.227510000000017,69.33660000000002,7.736600000000017,14.246023142857176
99,lopinavir,lopinavir,10.1080/10717544.2016.1199605,55.4,76.21849000000005,20.818490000000047,76.26718447619051,20.86718447619051,4.4768346663080445,9.420680681551943,False,76.49229000000003,21.092290000000027,75.28077000000003,19.880770000000034,82.41126238095244,27.011262380952438,77.24375000000003,21.843750000000036,69.90785000000001,14.507850000000012,20.86718447619051
100,lopinavir,lopinavir,10.1080/10717544.2016.1199605,47.4,76.1691466666667,28.769146666666707,75.70609200000003,28.306092000000035,4.23220220900724,17.420680681551943,False,76.17650000000003,28.776500000000034,74.51002333333335,27.110023333333352,81.54766000000006,34.147660000000066,76.52335000000004,29.123350000000038,69.77292666666666,22.372926666666665,28.306092000000028
101,lopinavir,lopinavir,10.1080/10717544.2016.1199605,83.3,75.76722500000002,7.5327749999999725,75.123768,8.176231999999995,4.3952354861473335,18.479319318448056,False,75.20701,8.09299,76.06442333333335,7.2355766666666455,79.40039761904762,3.8996023809523734,77.16622571428572,6.133774285714281,67.78078333333332,15.51921666666668,-8.176231999999999
102,lopinavir,lopinavir,10.1080/10717544.2016.1199605,73.2,75.89009833333336,2.690098333333353,75.38693895238096,4.068625619047632,1.5963840920537438,8.379319318448061,False,75.39561000000002,2.1956100000000163,76.2452947619048,3.045294761904799,79.55634761904761,6.356347619047611,77.24165904761904,4.041659047619035,68.4957833333333,4.704216666666696,2.186938952380956
103,lopinavir,lopinavir,10.1080/10717544.2016.1199605,63.1,75.31141666666667,12.211416666666672,74.91778283333335,11.817782833333332,3.8076736861819325,1.7830082076843468,False,75.26161583333334,12.161615833333336,75.47711333333336,12.377113333333362,78.73575499999998,15.635754999999982,76.54726333333335,13.447263333333346,68.56716666666664,5.467166666666635,11.817782833333347
104,lopinavir,lopinavir,10.1080/10717544.2016.1199605,91.4,73.71579833333335,17.684201666666652,75.26169966666666,16.13830033333334,1.8533049060823485,26.579319318448064,False,76.53692833333334,14.86307166666667,74.65401000000001,16.745989999999992,77.72260333333332,13.67739666666668,74.32749333333334,17.07250666666667,73.06746333333331,18.332536666666698,-16.138300333333348
105,lopinavir,lopinavir,10.1080/10717544.2016.1199605,84.6,73.55069833333336,11.049301666666636,75.10332433333333,9.496675666666661,1.8346194425235915,19.779319318448053,False,76.31511833333334,8.28488166666665,74.32431000000003,10.275689999999969,77.59623666666666,7.003763333333339,74.30889333333334,10.29110666666665,72.9720633333333,11.627936666666699,-9.496675666666661
106,lopinavir,lopinavir,10.1080/10717544.2016.1199605,77.5,72.558565,4.9414349999999985,75.62302119047618,2.0340375714285672,1.6521411660981469,12.679319318448059,False,76.75186000000001,0.7481399999999923,74.60589833333336,2.894101666666643,77.89264690476189,0.39264690476188946,75.79142500000002,1.708574999999982,73.07327571428567,4.426724285714329,-1.8769788095238198
107,lopinavir,lopinavir,10.1080/10717544.2016.1199605,93.3,75.12944000000005,18.170559999999952,74.55726714285716,18.74273285714284,4.865127794121848,28.479319318448052,False,75.54879000000001,17.751209999999986,72.05207333333334,21.247926666666658,80.40176238095239,12.898237619047606,77.07601000000004,16.223989999999958,67.7077,25.592299999999994,-18.74273285714284
108,lopinavir,lopinavir,10.1080/10717544.2016.1199605,91.4,75.4082566666667,15.991743333333304,74.9378684761905,16.46213152380951,4.800478864846739,26.579319318448064,False,76.09669000000002,15.303309999999982,72.62269000000003,18.77730999999997,80.48096238095239,10.919037619047614,77.49465000000004,13.90534999999997,67.99435,23.40565000000001,-16.462131523809504
109,lopinavir,lopinavir,10.1080/10717544.2016.1199605,87.6,75.44288833333337,12.157111666666623,74.61556371428574,12.984436285714258,4.699395374966497,22.779319318448053,False,75.7128666666667,11.887133333333296,72.23120190476192,15.368798095238077,80.37244000000004,7.227559999999954,76.75768333333338,10.842316666666619,68.00362666666665,19.596373333333347,-12.984436285714253
110,lopinavir,lopinavir,10.1080/10717544.2016.1199605,95.7,74.95930000000003,20.740699999999975,75.39537490476192,20.304625095238084,5.1124925756226345,30.87931931844806,False,75.20562500000001,20.49437499999999,75.65378000000004,20.046219999999963,81.33460952380955,14.365390476190456,77.4474,18.2526,67.33546,28.364540000000005,-20.30462509523808
111,lopinavir,lopinavir,10.1080/10717544.2016.1199605,91.4,75.43972333333336,15.960276666666644,75.82702052380952,15.57297947619048,5.027629407701803,26.579319318448064,False,75.728125,15.671875,76.25864142857145,15.141358571428555,81.51565952380953,9.884340476190474,77.83745,13.562550000000002,67.79522666666664,23.60477333333337,-15.572979476190483
112,lopinavir,lopinavir,10.1080/10717544.2016.1199605,75.3,75.50517333333332,0.20517333333332033,75.53846109523809,3.1075810952381118,3.1162016496601708,10.479319318448056,False,75.35798428571428,0.0579842857142836,75.84800333333334,0.548003333333341,80.80336119047621,5.5033611904762125,77.5557566666667,2.2557566666666986,68.12719999999997,7.172800000000024,0.2384610952380939
113,lopinavir,lopinavir,10.1080/10717544.2016.1199605,93.8,72.69009166666669,21.10990833333331,72.80626614285714,20.993733857142853,3.074912954049721,28.979319318448052,False,74.01864166666667,19.78135833333333,72.83420666666667,20.965793333333323,76.10810000000001,17.69189999999999,73.28583238095239,20.514167619047612,67.78454999999998,26.015450000000016,-20.993733857142857
114,lopinavir,lopinavir,10.1080/10717544.2016.1199605,85.1,72.75750833333336,12.342491666666632,72.84558780952382,12.254412190476184,2.749649360722542,20.279319318448053,False,73.91174166666667,11.188258333333323,72.68464833333336,12.415351666666638,75.82623333333333,9.27376666666666,73.41716571428572,11.682834285714279,68.38814999999997,16.711850000000027,-12.254412190476174
115,lopinavir,lopinavir,10.1080/10717544.2016.1199605,71.1,71.11599583333334,0.015995833333349196,72.23538866666665,2.293498000000014,1.175504169434328,6.279319318448053,False,73.31756833333333,2.2175683333333325,72.13140000000003,1.0314000000000334,75.045255,3.945255000000003,72.47799333333333,1.377993333333336,68.20472666666663,2.895273333333364,1.1353886666666568
116,ropinirole-hydrochloride,ropinirole,10.1080/09205063.2013.798880,57.06,83.32570666666665,26.265706666666645,80.68853152380953,23.628531523809528,4.228218968424414,7.6869638478600395,False,82.15119999999999,25.091199999999986,74.6160066666667,17.556006666666704,78.15242428571429,21.092424285714287,83.74569000000001,26.685690000000008,84.77733666666666,27.717336666666654,23.628531523809528
117,ropinirole-hydrochloride,ropinirole,10.1080/09205063.2013.798880,68.8,84.3898,15.589799999999997,83.01453466666669,14.21453466666669,7.100142873682023,4.053036152139955,False,86.01466666666668,17.214666666666687,74.26275333333341,5.46275333333341,76.56423333333332,7.764233333333323,89.15710000000001,20.357100000000017,89.07392000000002,20.273920000000018,14.214534666666694
118,ropinirole-hydrochloride,ropinirole,10.1080/09205063.2013.798880,52.5,83.21570666666665,30.715706666666648,81.31417152380955,28.814171523809534,3.27043623739814,12.24696384786004,False,82.15119999999999,29.65119999999999,77.64360666666673,25.143606666666727,78.15242428571429,25.65242428571429,83.74569000000001,31.24569000000001,84.87793666666667,32.37793666666667,28.81417152380955
119,ropinirole-hydrochloride,ropinirole,10.1080/09205063.2013.798880,64.5,52.09690000000001,12.403099999999988,63.31451000000002,10.23016333333334,10.54937852434524,1.8641408151153087,False,67.91056666666667,3.410566666666668,70.0099166666667,5.509916666666697,35.960866666666675,28.539133333333325,68.32558333333331,3.825583333333313,74.3656166666667,9.865616666666696,-1.1854899999999802
120,ropinirole-hydrochloride,ropinirole,10.1080/09205063.2013.798880,63.8,76.97155000000004,13.171550000000039,78.47594900000001,14.67594900000002,5.855043916373099,2.0183644993258385,False,79.09260833333333,15.292608333333334,74.71178666666673,10.911786666666728,70.64303333333335,6.843033333333352,84.65085,20.85085000000001,83.28146666666667,19.481466666666677,14.675949000000017
121,ropinirole-hydrochloride,ropinirole,10.1080/09205063.2013.798880,72.3,84.38810000000001,12.088100000000011,82.67201733333334,10.372017333333352,7.719530878928095,7.553036152139955,False,86.00406666666669,13.70406666666669,72.42028666666671,0.12028666666671484,76.56423333333332,4.264233333333323,89.15710000000001,16.857100000000017,89.21440000000001,16.914400000000015,10.372017333333346
122,ropinirole-hydrochloride,ropinirole,10.1080/09205063.2013.798880,48.9,52.14366666666669,3.243666666666691,64.27728933333336,19.44120266666668,5.719699640618973,15.846963847860042,False,69.77306666666668,20.87306666666668,70.1925866666667,21.2925866666667,38.74021666666668,10.159783333333316,68.08082333333336,19.180823333333358,74.59975333333334,25.69975333333334,15.377289333333358
123,ropinirole-hydrochloride,ropinirole,10.1080/09205063.2013.798880,66.9,76.96155000000003,10.061550000000025,78.09093900000002,11.190939000000009,6.271216313859378,2.153036152139964,False,79.08200833333335,12.182008333333343,72.6625366666667,5.762536666666691,70.64303333333335,3.7430333333333436,84.65085,17.75085,83.41626666666667,16.516266666666667,11.190939000000014
124,ropinirole-hydrochloride,ropinirole,10.1080/09205063.2013.798880,65.7,55.76760000000002,9.93239999999998,66.21429333333336,11.083733333333331,9.259007198608757,1.8163103066407273,False,69.6278,3.9277999999999906,69.91996666666668,4.219966666666679,39.27640000000002,26.423599999999986,74.0724,8.372399999999999,78.17490000000001,12.474900000000005,0.5142933333333559
125,paclitaxel,paclitaxel,10.1016/j.jddst.2019.101380,82.1,52.58617500000002,29.513824999999976,59.325687142857156,22.77431285714283,3.2274579375145502,17.144489144308796,False,60.109583333333354,21.99041666666664,59.593183333333364,22.50681666666663,59.77106666666669,22.328933333333303,54.12413571428574,27.975864285714252,63.03046666666666,19.069533333333332,-22.77431285714284
126,paclitaxel,paclitaxel,10.1016/j.jddst.2019.101380,87.8,52.40380000000004,35.39619999999996,55.31213714285716,32.48786285714283,2.49670222991335,22.8444891443088,False,58.89258333333336,28.907416666666634,54.93003333333337,32.86996666666663,53.12066666666669,34.679333333333304,52.984002380952404,34.81599761904759,56.633399999999995,31.166600000000003,-32.48786285714284
127,paclitaxel,paclitaxel,10.1016/j.jddst.2019.101380,80.4,52.844100000000026,27.55589999999998,57.04511380952383,23.35488619047618,2.4202816005402874,15.444489144308807,False,61.01573333333336,19.384266666666647,57.24560000000003,23.154399999999974,55.629583333333336,24.77041666666667,54.7121523809524,25.687847619047602,56.6225,23.777500000000003,-23.354886190476172
128,paclitaxel,paclitaxel,10.1016/j.jddst.2019.101380,80.1,68.85676166666664,11.243238333333352,69.06984161904761,11.03015838095238,3.440555881888639,15.144489144308796,False,65.91619,14.183809999999994,69.44043833333333,10.659561666666661,68.5708933333333,11.529106666666692,66.7339023809524,13.366097619047594,74.68778404761903,5.412215952380961,-11.030158380952386
129,paclitaxel,paclitaxel,10.1016/j.jddst.2019.101380,85.5,52.47827500000003,33.02172499999997,58.02538714285716,27.474612857142837,3.4178241103803266,20.544489144308802,False,59.54328333333336,25.956716666666637,56.12908333333338,29.370916666666623,57.54976666666669,27.95023333333331,53.96713571428574,31.53286428571426,62.93766666666666,22.562333333333342,-27.474612857142837
130,paclitaxel,paclitaxel,10.1016/j.jddst.2019.101380,80.2,52.87857500000002,27.321424999999984,59.941917142857164,20.258082857142842,2.985918722457816,15.244489144308805,False,61.642933333333346,18.557066666666657,58.42535000000004,21.774649999999966,60.52648333333336,19.673516666666643,55.69528571428573,24.50471428571427,63.41953333333334,16.780466666666662,-20.25808285714284
131,azithromycin,azithromycin,10.1016/j.colsurfb.2010.05.027,78.5,72.55352500000002,5.946474999999978,67.53588999999997,10.964110000000023,0.9776998378848348,14.605605649591354,False,68.55235,9.947649999999996,67.55054999999997,10.949450000000027,68.00224999999998,10.497750000000025,67.63904999999998,10.860950000000017,65.93524999999995,12.564750000000046,-10.964110000000034
132,azithromycin,azithromycin,10.1016/j.colsurfb.2010.05.027,66.8,70.49152500000002,3.691525000000027,67.28735999999999,2.021759999999998,2.4350924439330948,2.905605649591351,False,65.64095000000002,1.1590499999999793,72.98905,6.189050000000009,66.88374999999996,0.08374999999996646,64.78384999999997,2.0161500000000245,66.13919999999999,0.6608000000000089,0.48735999999999535
133,azithromycin,azithromycin,10.1016/j.colsurfb.2010.05.027,50.5,61.25862500000006,10.758625000000059,62.621690000000015,12.121690000000012,5.855741133537236,13.394394350408646,False,59.97485000000005,9.474850000000053,72.98905,22.489050000000006,61.37914999999998,10.879149999999981,59.11354999999999,8.61354999999999,59.651850000000024,9.151850000000024,12.121690000000015
134,rhodamine-B,rhodamine-b,10.3390/nano11030749,47.0,49.89780000000003,2.897800000000032,38.44886357142856,9.408256428571423,6.861010948483238,17.23614774286719,False,43.00615000000003,3.9938499999999735,34.652417857142844,12.347582142857156,49.14279999999997,2.1427999999999727,27.715849999999993,19.284150000000007,37.727099999999986,9.272900000000014,-8.55113642857144
135,rhodamine-B,rhodamine-b,10.3390/nano11030749,56.0,50.25640000000003,5.743599999999972,38.734020238095226,17.26597976190477,8.495705411068636,8.23614774286719,False,43.55015000000002,12.449849999999977,32.75381785714284,23.24618214285716,50.23259999999996,5.767400000000038,28.869333333333334,27.130666666666666,38.26419999999998,17.73580000000002,-17.265979761904774
136,rhodamine-B,rhodamine-b,10.3390/nano11030749,18.0,48.620200000000025,30.620200000000025,38.48353999999999,20.483539999999987,8.147110685651077,46.236147742867196,False,42.622850000000014,24.622850000000014,35.021199999999986,17.021199999999986,49.09469999999997,31.094699999999968,27.358949999999986,9.358949999999986,38.319999999999986,20.319999999999986,20.48353999999999
137,coumarin-6,coumarin-6,10.1007/s00396-016-4007-3,52.3,53.62550000000001,1.3255000000000123,55.81302000000001,5.413460000000006,2.9557790255700787,13.877010589895132,False,60.17820000000002,7.878200000000021,58.29400000000001,5.994000000000014,60.743999999999986,8.443999999999988,49.256399999999985,3.043600000000012,50.5925,1.707499999999996,3.5130200000000116
138,coumarin-6,coumarin-6,10.1007/s00396-016-4007-3,49.2,50.677000000000014,1.477000000000011,50.76854000000001,5.714100000000005,4.338583194431097,16.977010589895126,False,60.17820000000002,10.978200000000015,52.79810000000001,3.5981000000000094,52.830299999999994,3.630299999999991,48.388199999999976,0.8118000000000265,39.64790000000002,9.552099999999982,1.5685400000000058
139,coumarin-6,coumarin-6,10.1007/s00396-016-4007-3,25.5,53.62550000000001,28.12550000000001,55.81302000000001,30.31302,5.471921893813915,40.677010589895126,False,60.17820000000002,34.67820000000002,58.29400000000001,32.79400000000001,60.743999999999986,35.243999999999986,49.256399999999985,23.756399999999985,50.5925,25.0925,30.31302000000001
140,coumarin-6,coumarin-6,10.1007/s00396-016-4007-3,28.0,50.677000000000014,22.677000000000014,50.76854000000001,22.76854000000001,7.520743346438569,38.177010589895126,False,60.17820000000002,32.17820000000002,52.79810000000001,24.798100000000012,52.830299999999994,24.830299999999994,48.388199999999976,20.388199999999976,39.64790000000002,11.647900000000021,22.76854000000001
141,coumarin-6,coumarin-6,10.1007/s00396-016-4007-3,3.8,54.08750000000002,50.28750000000002,60.67686333333334,56.87686333333333,4.176946824841751,62.377010589895136,False,65.72855,61.92855,62.81620000000002,59.016200000000026,62.060999999999986,58.26099999999999,55.67909999999999,51.879099999999994,57.099466666666665,53.29946666666667,56.87686333333334
142,coumarin-6,coumarin-6,10.1007/s00396-016-4007-3,6.4,50.76340000000002,44.36340000000002,54.636430000000004,48.236430000000006,8.288144446406557,59.777010589895134,False,65.72855,59.32855,56.279400000000024,49.879400000000025,53.788199999999996,47.3882,54.9248,48.5248,42.46120000000003,36.06120000000003,48.236430000000006
144,coumarin-6,coumarin-6,10.1007/s00396-016-4007-3,25.7,53.975100000000005,28.275100000000005,57.664699999999996,31.964700000000004,3.7525248846609993,40.47701058989512,False,60.47020000000001,34.77020000000002,59.42880000000001,33.72880000000001,60.9644,35.264399999999995,52.40869999999999,26.70869999999999,55.0514,29.3514,31.964699999999997
145,coumarin-6,coumarin-6,10.1007/s00396-016-4007-3,30.1,53.975100000000005,23.875100000000003,57.664699999999996,27.5647,3.7525248846609998,36.07701058989513,False,60.47020000000001,30.37020000000001,59.42880000000001,29.328800000000008,60.9644,30.864399999999996,52.40869999999999,22.308699999999988,55.0514,24.9514,27.564699999999995
146,coumarin-6,coumarin-6,10.1007/s00396-016-4007-3,13.7,55.51090000000002,41.81090000000002,52.483524761904754,38.783524761904765,4.856390956889797,52.47701058989512,False,57.60242380952381,43.90242380952381,54.3188,40.61880000000001,55.63049999999999,41.930499999999995,46.04609999999999,32.34609999999999,48.81980000000001,35.11980000000001,38.78352476190476
147,coumarin-6,coumarin-6,10.1007/s00396-016-4007-3,7.4,53.62550000000001,46.22550000000001,55.81302000000001,48.41302,5.471921893813915,58.777010589895134,False,60.17820000000002,52.77820000000002,58.29400000000001,50.89400000000001,60.743999999999986,53.34399999999999,49.256399999999985,41.85639999999999,50.5925,43.1925,48.41302000000001
148,coumarin-6,coumarin-6,10.1007/s00396-016-4007-3,8.1,54.046600000000005,45.946600000000004,54.88250000000001,46.782500000000006,4.689094756453537,58.07701058989513,False,58.51420000000001,50.41420000000001,57.30580000000002,49.20580000000002,58.98969999999999,50.88969999999999,49.36289999999999,41.26289999999999,50.2399,42.1399,46.782500000000006
150,coumarin-6,coumarin-6,10.1007/s00396-016-4007-3,32.4,54.26110000000001,21.861100000000015,55.8972,23.4972,5.1622246972599,33.77701058989513,False,59.65070000000001,27.25070000000001,58.64410000000001,26.24410000000001,60.48679999999999,28.08679999999999,49.256399999999985,16.856399999999987,51.44799999999999,19.047999999999995,23.4972
151,itraconazole,itraconazole,10.2147/IJN.S54040,61.0,82.11732619047616,21.117326190476163,79.0247086984127,18.02470869841268,2.7931518743586556,4.394410935062186,False,76.0694833333333,15.069483333333295,77.55636333333331,16.55636333333331,83.52576428571429,22.52576428571429,78.82029920634918,17.820299206349176,79.15163333333334,18.151633333333336,18.024708698412695
152,itraconazole,itraconazole,10.2147/IJN.S54040,72.0,73.40394333333329,1.403943333333288,76.42064526984126,4.420645269841259,1.2330970420503728,6.605589064937814,False,75.8408507142857,3.8408507142856934,74.532565,2.5325650000000053,76.97364857142857,4.973648571428569,77.52286587301587,5.522865873015874,77.23329619047615,5.233296190476153,4.420645269841259
153,itraconazole,itraconazole,10.2147/IJN.S54040,73.0,66.98354999999998,6.01645000000002,69.75605603174601,5.808415079365091,1.450783672363931,7.605589064937814,False,69.29985904761905,3.7001409523809485,66.29185,6.708150000000003,65.74459333333333,7.255406666666673,79.41117777777778,6.41117777777778,68.03279999999995,4.967200000000048,-3.243943968253987
154,rhodamine-123,rhodamine-123,10.2147/IJN.S130908,55.3,65.44473833333335,10.14473833333335,59.624530500000034,5.9210305000000165,4.3731870542168,10.945480212960854,False,55.870096666666704,0.5700966666667071,51.30875000000004,3.991249999999958,67.24223000000005,11.942230000000052,59.96737583333334,4.667375833333345,63.734200000000016,8.434200000000018,4.324530500000037
155,gatifloxacin,gatifloxacin,10.2147/IJN.S130908,34.1,67.87378333333334,33.773783333333334,74.109388,40.009388,3.2318103838755032,30.47889027468227,False,74.91988666666667,40.81988666666667,69.36891999999999,35.26891999999999,72.43238333333338,38.332383333333375,76.66994999999999,42.569949999999984,77.1558,43.0558,40.009387999999994
156,finasteride,finasteride,10.1177/0883911520913906,80.56,68.86338,11.696619999999996,65.37188666666667,15.188113333333328,4.658508827081908,16.964912820906346,False,58.15869999999999,22.401300000000013,67.90210000000003,12.65789999999997,69.75529999999999,10.804700000000011,67.65656666666668,12.903433333333325,63.38676666666668,17.17323333333332,-15.188113333333334
157,finasteride,finasteride,10.1177/0883911520913906,90.72,73.08353333333334,17.636466666666664,66.3634,24.356599999999997,4.934712465281031,27.124912820906342,False,60.46369999999999,30.25630000000001,69.86100000000002,20.85899999999998,72.00239999999998,18.71760000000002,67.32650000000001,23.39349999999999,62.16340000000001,28.55659999999999,-24.3566
158,finasteride,finasteride,10.1177/0883911520913906,98.9,68.87223333333333,30.02776666666668,63.64218000000001,35.25782,4.679060338572267,35.30491282090635,False,57.87839999999999,41.021600000000014,66.93460000000002,31.96539999999999,68.96909999999998,29.930900000000022,64.56600000000002,34.33399999999999,59.8628,39.037200000000006,-35.257819999999995
159,finasteride,finasteride,10.1177/0883911520913906,92.06,69.05398,23.006020000000007,65.33574666666668,26.72425333333332,4.666051823937102,28.464912820906346,False,58.16039999999999,33.899600000000014,67.51710000000004,24.54289999999996,69.8924,22.167600000000007,67.78886666666669,24.27113333333331,63.31996666666669,28.740033333333315,-26.724253333333323
160,finasteride,finasteride,10.1177/0883911520913906,85.47,68.86338,16.606619999999992,65.37188666666667,20.098113333333323,4.658508827081908,21.874912820906342,False,58.15869999999999,27.31130000000001,67.90210000000003,17.567899999999966,69.75529999999999,15.714700000000008,67.65656666666668,17.81343333333332,63.38676666666668,22.083233333333318,-20.09811333333333
161,finasteride,finasteride,10.1177/0883911520913906,80.28,67.77691999999999,12.503080000000011,64.39308042857144,15.88691957142857,4.688832121165016,16.684912820906344,False,57.233999999999995,23.046000000000006,67.78935000000003,12.490649999999974,68.92065214285714,11.359347857142865,65.48755,14.792450000000002,62.53385,17.74615,-15.886919571428564
162,finasteride,finasteride,10.1177/0883911520913906,85.07,68.86338,16.206619999999987,65.37188666666667,19.698113333333318,4.658508827081908,21.474912820906336,False,58.15869999999999,26.911300000000004,67.90210000000003,17.16789999999996,69.75529999999999,15.314700000000002,67.65656666666668,17.413433333333316,63.38676666666668,21.683233333333312,-19.698113333333325
163,finasteride,finasteride,10.1177/0883911520913906,90.52,68.86338,21.65661999999999,65.37188666666667,25.14811333333332,4.658508827081908,26.924912820906336,False,58.15869999999999,32.36130000000001,67.90210000000003,22.617899999999963,69.75529999999999,20.764700000000005,67.65656666666668,22.86343333333332,63.38676666666668,27.133233333333315,-25.148113333333328
164,finasteride,finasteride,10.1177/0883911520913906,92.85,68.86338,23.986619999999988,65.37188666666667,27.478113333333322,4.658508827081908,29.254912820906338,False,58.15869999999999,34.691300000000005,67.90210000000003,24.94789999999996,69.75529999999999,23.094700000000003,67.65656666666668,25.193433333333317,63.38676666666668,29.463233333333314,-27.478113333333326
165,zinc-protoporphyrin,zinc-protoporphyrin,10.1007/s11095-014-1313-7,64.3,46.13188000000003,18.168119999999966,47.2481225,18.2326825,8.922227891495558,1.001795219801852,False,39.0194,25.2806,42.6324,21.6676,41.22460000000001,23.075399999999988,46.112199999999994,18.187800000000003,67.25201249999999,2.952012499999995,-17.051877499999996
166,zinc-protoporphyrin,zinc-protoporphyrin,10.1007/s11095-014-1313-7,43.0,41.70299999999998,1.2970000000000184,44.245273333333316,5.206833333333338,5.56625020552935,21.29694896624466,False,40.54169999999998,2.4583000000000226,40.600699999999996,2.3993000000000038,37.953699999999984,5.046300000000016,44.277999999999984,1.2779999999999845,57.852266666666665,14.852266666666665,1.2452733333333157
167,zinc-protoporphyrin,zinc-protoporphyrin,10.1007/s11095-014-1313-7,48.7,49.44300000000001,0.7430000000000092,48.59298399999999,7.783264000000005,7.304602094671537,15.596948966244657,False,39.872599999999984,8.827400000000019,45.714,2.986000000000004,40.8771,7.822900000000004,48.610599999999984,0.08940000000001902,67.89061999999998,19.19061999999998,-0.10701600000001577
168,zinc-protoporphyrin,zinc-protoporphyrin,10.1007/s11095-014-1313-7,50.7,49.44300000000001,1.2569999999999908,48.59298399999999,8.983264000000005,5.80882946569099,13.596948966244657,False,39.872599999999984,10.827400000000019,45.714,4.986000000000004,40.8771,9.822900000000004,48.610599999999984,2.089400000000019,67.89061999999998,17.19061999999998,-2.1070160000000158
169,zinc-protoporphyrin,zinc-protoporphyrin,10.1007/s11095-014-1313-7,33.4,46.49676666666667,13.096766666666674,47.49095333333332,14.090953333333328,11.978509916689223,30.89694896624466,False,38.58939999999999,5.189399999999992,42.69219999999999,9.292199999999994,41.429300000000005,8.029300000000006,46.4252,13.025199999999998,68.31866666666664,34.918666666666645,14.090953333333324
170,zinc-protoporphyrin,zinc-protoporphyrin,10.1007/s11095-014-1313-7,47.3,49.44300000000001,2.143000000000015,48.59298399999999,7.467503999999996,7.839141144990308,16.996948966244663,False,39.872599999999984,7.427400000000013,45.714,1.5859999999999985,40.8771,6.4228999999999985,48.610599999999984,1.3105999999999867,67.89061999999998,20.590619999999987,1.29298399999999
171,zinc-protoporphyrin,zinc-protoporphyrin,10.1007/s11095-014-1313-7,33.9,46.54768000000001,12.647680000000008,47.35140249999999,13.451402499999995,11.509865845032957,30.39694896624466,False,38.87939999999999,4.979399999999991,42.702099999999994,8.802099999999996,41.447399999999995,7.547399999999996,46.35979999999999,12.459799999999994,67.36831249999999,33.46831249999999,13.451402499999993
172,zinc-protoporphyrin,zinc-protoporphyrin,10.1007/s11095-014-1313-7,30.6,46.136980000000015,15.536980000000014,47.67797666666665,17.077976666666654,11.662825346489676,33.696948966244655,False,39.84859999999999,9.248599999999989,42.639399999999995,12.039399999999993,41.447399999999995,10.847399999999993,46.35979999999999,15.759799999999991,68.09468333333331,37.494683333333306,17.07797666666665
173,zinc-protoporphyrin,zinc-protoporphyrin,10.1007/s11095-014-1313-7,56.3,41.74999999999998,14.550000000000018,44.84111999999999,13.384960000000003,5.335193555814082,7.996948966244662,False,40.16149999999998,16.138500000000015,41.01349999999999,15.286500000000004,37.67469999999999,18.62530000000001,44.24069999999999,12.059300000000007,61.11519999999998,4.815199999999983,-11.458880000000008
174,zinc-protoporphyrin,zinc-protoporphyrin,10.1007/s11095-014-1313-7,60.5,41.434499999999986,19.065500000000014,44.16779333333332,16.33220666666668,7.841908747039139,3.796948966244659,False,40.72069999999998,19.77930000000002,40.82649999999999,19.67350000000001,37.67489999999998,22.82510000000002,44.00469999999999,16.495300000000007,57.61216666666666,2.88783333333334,-16.33220666666668
175,zinc-protoporphyrin,zinc-protoporphyrin,10.1007/s11095-014-1313-7,71.5,42.292999999999985,29.207000000000015,44.602973333333324,26.897026666666676,8.007262785448116,7.203051033755341,False,40.26269999999998,31.23730000000002,41.21479999999999,30.28520000000001,38.591199999999986,32.908800000000014,44.55899999999999,26.94100000000001,58.387166666666666,13.112833333333334,-26.897026666666676
176,zinc-protoporphyrin,zinc-protoporphyrin,10.1007/s11095-014-1313-7,49.4,49.44300000000001,0.04300000000001347,48.59298399999999,8.203264000000003,6.764914083821012,14.896948966244661,False,39.872599999999984,9.527400000000014,45.714,3.686,40.8771,8.5229,48.610599999999984,0.7894000000000148,67.89061999999998,18.490619999999986,-0.8070160000000115
177,zinc-protoporphyrin,zinc-protoporphyrin,10.1007/s11095-014-1313-7,60.6,49.44300000000001,11.15699999999999,48.59298399999999,14.923264000000007,5.558567743716011,3.6969489662446575,False,39.872599999999984,20.727400000000017,45.714,14.886000000000003,40.8771,19.722900000000003,48.610599999999984,11.989400000000018,67.89061999999998,7.290619999999983,-12.007016000000014
178,zinc-protoporphyrin,zinc-protoporphyrin,10.1007/s11095-014-1313-7,51.7,49.44300000000001,2.256999999999991,48.59298399999999,9.583264000000005,5.131777836333125,12.596948966244657,False,39.872599999999984,11.827400000000019,45.714,5.986000000000004,40.8771,10.822900000000004,48.610599999999984,3.089400000000019,67.89061999999998,16.19061999999998,-3.1070160000000158
179,zinc-protoporphyrin,zinc-protoporphyrin,10.1007/s11095-014-1313-7,79.0,41.48149999999999,37.51850000000001,44.77993999999999,34.22006000000001,9.342287672888261,14.70305103375534,False,40.340499999999984,38.659500000000016,41.239299999999986,37.760700000000014,37.39589999999998,41.60410000000002,43.96739999999999,35.03260000000001,60.95659999999998,18.04340000000002,-34.22006000000001
180,zinc-protoporphyrin,zinc-protoporphyrin,10.1007/s11095-014-1313-7,59.0,49.44300000000001,9.556999999999988,48.59298399999999,13.963264000000004,4.553399275429298,5.296948966244659,False,39.872599999999984,19.127400000000016,45.714,13.286000000000001,40.8771,18.1229,48.610599999999984,10.389400000000016,67.89061999999998,8.890619999999984,-10.407016000000013
181,zinc-protoporphyrin,zinc-protoporphyrin,10.1007/s11095-014-1313-7,50.4,45.721180000000025,4.678819999999973,47.55269666666667,9.834656666666664,4.843193666740525,13.896948966244661,False,39.98859999999999,10.411400000000008,42.569700000000005,7.830299999999994,41.22460000000001,9.17539999999999,46.112199999999994,4.287800000000004,67.86838333333333,17.46838333333333,-2.847303333333329
182,artemether,artemether,10.1016/j.ijpharm.2021.120820,78.5,47.698462222222204,30.801537777777796,53.4364475079365,25.063552492063504,5.117670972248674,13.638232799940397,False,53.97155499999998,24.52844500000002,44.60898666666665,33.89101333333335,55.702999999999996,22.797000000000004,55.172746666666654,23.327253333333346,57.7259492063492,20.7740507936508,-25.0635524920635
183,artemether,artemether,10.1016/j.ijpharm.2021.120820,80.0,47.34578,32.65422,54.20967028571427,25.79032971428573,4.385284953504502,15.138232799940397,False,54.25267333333331,25.747326666666687,46.803426666666645,33.196573333333355,55.81219999999999,24.18780000000001,55.88428809523809,24.11571190476191,58.29576333333332,21.70423666666668,-25.790329714285733
184,artemether,artemether,10.1016/j.ijpharm.2021.120820,78.3,47.71036083333334,30.589639166666657,54.94946321428572,23.350536785714276,5.062703971417796,13.43823279994039,False,53.43930166666667,24.860698333333325,47.35163666666666,30.94836333333334,59.528960000000005,18.771039999999992,54.83769095238095,23.462309047619044,59.589726785714305,18.710273214285692,-23.350536785714276
185,artemether,artemether,10.1016/j.ijpharm.2021.120820,80.6,48.07585000000001,32.524149999999985,54.17499085714286,26.425009142857135,5.9962392481226905,15.738232799940391,False,53.182301666666675,27.41769833333332,44.89514380952381,35.704856190476185,60.035885,20.564114999999994,53.8671319047619,26.732868095238096,58.894491904761914,21.70550809523808,-26.425009142857135
186,artemether,artemether,10.1016/j.ijpharm.2021.120820,86.9,48.36360000000001,38.53639999999999,54.186171523809534,32.71382847619047,5.622932323790368,22.038232799940403,False,53.37380500000002,33.52619499999999,45.61864380952382,41.28135619047619,59.710585,27.189415000000004,53.42546523809524,33.47453476190476,58.80235857142859,28.097641428571414,-32.71382847619047
187,flurbiprofen,flurbiprofen,10.1002/jps.20685,92.07,63.97969999999999,28.090300000000006,40.709996000000004,51.36000399999998,22.186907701938313,28.227961948098812,False,18.64100000000002,73.42899999999997,61.44995,30.620049999999992,14.873300000000013,77.19669999999998,57.061050000000016,35.00894999999998,51.52468,40.54532,-51.36000399999999
188,flurbiprofen,flurbiprofen,10.1002/jps.20685,74.4,58.91253333333332,15.487466666666684,38.50586933333334,35.89413066666667,20.19652344504168,10.557961948098825,False,18.64100000000002,55.758999999999986,58.43804999999998,15.961950000000023,14.873300000000013,59.52669999999999,51.61784999999999,22.782150000000016,48.959146666666676,25.44085333333333,-35.89413066666667
189,flurbiprofen,flurbiprofen,10.1002/jps.20685,94.6,64.11229999999998,30.487700000000018,39.65071600000001,54.94928399999999,20.68139449037539,30.757961948098814,False,19.845800000000025,74.75419999999997,58.19134999999999,36.40865,14.76070000000002,79.83929999999998,55.311850000000014,39.28814999999998,50.14387999999998,44.45612000000001,-54.949283999999984
190,flurbiprofen,flurbiprofen,10.1002/jps.20685,87.3,59.438199999999995,27.861800000000002,38.23922266666667,49.060777333333334,19.30071901754746,23.457961948098816,False,19.845800000000025,67.45419999999997,55.331949999999985,31.968050000000012,14.76070000000002,72.53929999999998,51.44914999999999,35.85085000000001,49.80851333333333,37.49148666666667,-49.06077733333333
191,flurbiprofen,flurbiprofen,10.1002/jps.20685,97.53,56.45283333333333,41.07716666666667,36.65547266666667,60.87452733333333,19.052843129761982,33.68796194809882,False,18.64100000000002,78.88899999999998,58.128649999999986,39.401350000000015,14.806800000000012,82.72319999999999,49.00994999999999,48.52005000000001,42.69096333333332,54.83903666666668,-60.87452733333333
192,flurbiprofen,flurbiprofen,10.1002/jps.20685,80.05,56.45283333333333,23.597166666666666,36.65547266666667,43.39452733333333,19.052843129761982,16.207961948098816,False,18.64100000000002,61.40899999999998,58.128649999999986,21.92135000000001,14.806800000000012,65.24319999999999,49.00994999999999,31.040050000000008,42.69096333333332,37.359036666666675,-43.39452733333333
193,flurbiprofen,flurbiprofen,10.1002/jps.20685,93.55,64.00659999999998,29.54340000000002,39.602966,53.94703399999999,20.628111017117625,29.70796194809882,False,19.845800000000025,73.70419999999997,57.992149999999995,35.55785,14.76070000000002,78.78929999999998,55.25185000000001,38.298149999999985,50.16432999999999,43.385670000000005,-53.947033999999995
194,flurbiprofen,flurbiprofen,10.1002/jps.20685,89.39,56.27409999999997,33.11590000000003,37.545325999999996,51.84467400000001,18.76831293998289,25.54796194809882,False,19.845800000000025,69.54419999999998,55.13274999999999,34.25725000000001,14.76070000000002,74.62929999999999,50.596549999999986,38.793450000000014,47.390829999999966,41.999170000000035,-51.844674000000005
195,flurbiprofen,flurbiprofen,10.1002/jps.20685,85.42,59.14384999999999,26.27615000000001,35.52566600000001,49.894334,17.505194150138106,21.57796194809882,False,18.384100000000025,67.03589999999997,49.90454999999998,35.51545000000002,14.516700000000016,70.90329999999999,46.63065,38.78935,48.19232999999999,37.22767000000001,-49.89433399999999
196,flurbiprofen,flurbiprofen,10.1002/jps.20685,94.16,62.29984999999998,31.86015000000002,38.482506000000015,55.67749399999999,20.26962335208599,30.317961948098816,False,18.384100000000025,75.77589999999998,55.733949999999986,38.42605000000001,14.516700000000016,79.64329999999998,53.89515000000002,40.264849999999974,49.88263,44.27737,-55.67749399999998
197,flurbiprofen,flurbiprofen,10.1002/jps.20685,88.65,58.36969999999997,30.280300000000032,36.68918599999999,51.960814000000006,17.917330209959555,24.807961948098825,False,19.874200000000023,68.77579999999998,52.77594999999997,35.87405000000003,14.76070000000002,73.88929999999999,49.61025000000001,39.03975,46.42482999999997,42.225170000000034,-51.96081400000001
198,flurbiprofen,flurbiprofen,10.1002/jps.20685,89.62,55.43206666666667,34.18793333333333,39.03475333333334,50.58524666666666,18.31174612234513,25.777961948098824,False,22.95630000000002,66.66369999999998,56.27596666666668,33.34403333333332,16.032400000000006,73.5876,52.9472,36.6728,46.96189999999998,42.658100000000026,-50.58524666666666
199,flurbiprofen,flurbiprofen,10.1002/jps.20685,85.37,56.97034999999998,28.399650000000022,36.270326,49.09967400000001,18.26759954333435,21.527961948098824,False,18.384100000000025,66.98589999999999,52.87454999999997,32.495450000000034,14.516700000000016,70.85329999999999,48.363949999999996,37.00605000000001,47.21232999999997,38.15767000000003,-49.09967400000001
200,flurbiprofen,flurbiprofen,10.1002/jps.20685,84.74,58.79609250000002,25.943907499999973,38.235937757575755,46.50406224242424,19.47481888754095,20.897961948098814,False,19.404600000000023,65.33539999999996,54.789182121212086,29.95081787878791,14.707700000000019,70.03229999999998,52.10960999999998,32.63039000000001,50.168596666666666,34.57140333333333,-46.50406224242424
201,flurbiprofen,flurbiprofen,10.1002/jps.20685,81.33,57.02144999999999,24.30855000000001,35.992825999999994,45.337174000000005,18.055666049377113,17.487961948098818,False,18.384100000000025,62.94589999999997,52.87454999999997,28.455450000000027,14.516700000000016,66.81329999999998,47.88655000000001,33.44344999999999,46.30222999999998,35.02777000000002,-45.337174000000005
202,flurbiprofen,flurbiprofen,10.1002/jps.20685,80.68,57.02144999999999,23.65855000000002,35.992825999999994,44.68717400000001,18.055666049377113,16.837961948098826,False,18.384100000000025,62.29589999999998,52.87454999999997,27.805450000000036,14.516700000000016,66.16329999999999,47.88655000000001,32.79345,46.30222999999998,34.37777000000003,-44.68717400000001
203,5-fluorouracil,5-fluorouracil,10.1016/j.ijpharm.2016.11.012,4.91,51.60418000000002,46.69418000000002,51.64599550000004,46.73599550000004,2.2191632022794545,60.23031371078216,False,49.74982500000006,44.83982500000006,52.134700000000024,47.22470000000003,50.216425000000044,45.30642500000005,50.851327500000025,45.94132750000003,55.27770000000003,50.36770000000003,46.735995500000044
204,5-fluorouracil,5-fluorouracil,10.1016/j.ijpharm.2016.11.012,7.03,53.65750000000003,46.627500000000026,55.9136746666667,48.8836746666667,2.259634758235378,58.11031371078216,False,54.455133333333386,47.425133333333385,58.466950000000004,51.43695,54.587200000000045,47.557200000000044,58.26459000000002,51.23459000000002,53.794500000000056,46.764500000000055,48.8836746666667
205,5-fluorouracil,5-fluorouracil,10.1016/j.ijpharm.2016.11.012,8.46,55.45551666666669,46.99551666666669,59.11421871428574,50.65421871428574,2.9846910306298793,56.68031371078217,False,56.686750000000046,48.226750000000045,61.28692500000002,52.82692500000002,56.21760000000004,47.75760000000004,63.104890000000005,54.644890000000004,58.27492857142861,49.81492857142861,50.65421871428574
206,5-fluorouracil,5-fluorouracil,10.1016/j.ijpharm.2016.11.012,8.57,55.09243333333339,46.52243333333339,57.45660071428574,48.88660071428575,2.5864688180583584,56.57031371078216,False,56.82690000000006,48.25690000000006,59.66177500000001,51.09177500000001,55.39030000000005,46.82030000000005,60.62690000000001,52.05690000000001,54.77712857142859,46.20712857142859,48.88660071428574
207,5-fluorouracil,5-fluorouracil,10.1016/j.ijpharm.2016.11.012,8.64,52.400733333333335,43.760733333333334,54.43407071428574,45.79407071428574,1.4858263965908354,56.500313710782166,False,52.66190000000003,44.02190000000003,54.663775000000044,46.02377500000004,53.8451,45.2051,56.72840000000001,48.08840000000001,54.27117857142859,45.63117857142859,45.79407071428574
208,5-fluorouracil,5-fluorouracil,10.1016/j.ijpharm.2016.11.012,8.64,52.562458333333346,43.922458333333346,55.08895071428573,46.44895071428572,1.68619359619286,56.500313710782166,False,52.87880000000003,44.238800000000026,56.14287500000001,47.50287500000001,54.53049999999999,45.89049999999999,57.2871,48.6471,54.605478571428606,45.965478571428605,46.44895071428573
209,5-fluorouracil,5-fluorouracil,10.1016/j.ijpharm.2016.11.012,8.52,52.85215833333334,44.33215833333334,54.843310714285735,46.32331071428574,1.5503816550123939,56.62031371078217,False,52.899100000000026,44.37910000000002,55.87247500000002,47.35247500000003,54.0463,45.526300000000006,56.8558,48.335800000000006,54.5428785714286,46.022878571428606,46.32331071428574
210,atractylodin,atractylodin,10.1111/1440-1681.13433,68.0,45.83355833333335,22.16644166666665,37.11265683333333,30.887343166666664,19.333002914077262,3.7369553780474307,False,19.385200000000015,48.61479999999999,45.00834500000002,22.99165499999998,14.278806666666682,53.72119333333332,59.08236916666665,8.917630833333348,47.80856333333333,20.191436666666668,-30.887343166666668
211,lamotrigine,lamotrigine,10.1007/s13346-019-00622-5,84.87,65.04646666666669,19.823533333333316,50.676352000000016,34.19364799999999,20.535496384826992,20.81628809017979,False,73.32060000000003,11.549399999999977,46.665583333333345,38.20441666666666,19.32095000000001,65.54905,50.18555000000001,34.68444999999999,63.88907666666668,20.980923333333322,-34.19364799999999
212,ropinirole,ropinirole,10.1016/j.ijpharm.2020.119776,5.4,77.2651,71.8651,74.17147833333333,68.77147833333333,7.679987575690704,59.346963847860046,False,63.93030000000002,58.53030000000002,82.47342499999995,77.07342499999994,74.09469999999996,68.69469999999995,80.66066666666669,75.26066666666668,69.69830000000002,64.29830000000001,68.77147833333332
213,salbutamol,salbutamol,10.1089/jamp.2009.0759,25.2,28.453999999999994,3.2539999999999942,25.830146666666657,6.7691866666666725,2.798171531638499,40.01475776138379,False,21.88479999999998,3.3152000000000186,20.906199999999977,4.293800000000022,34.34638333333332,9.146383333333322,17.46139999999999,7.738600000000009,34.55194999999999,9.351949999999992,0.6301466666666578
214,etoposide,etoposide,10.1080/10717540802174662,57.64,67.33971666666667,9.699716666666674,61.36303526190477,7.771577071428579,5.36457175796142,8.295755534821424,False,58.17903166666668,0.5390316666666806,61.616868333333315,3.9768683333333144,47.51864547619047,10.12135452380953,68.13256416666668,10.492564166666682,71.36806666666669,13.728066666666692,3.7230352619047693
215,etoposide,etoposide,10.1080/10717540802174662,66.11,67.33971666666667,1.2297166666666755,61.36303526190477,7.659217071428581,6.464266277996912,0.9195834223968774,False,58.17903166666668,7.930968333333318,61.616868333333315,4.4931316666666845,47.51864547619047,18.591354523809528,68.13256416666668,2.022564166666683,71.36806666666669,5.258066666666693,-4.74696473809523
216,etoposide,etoposide,10.1080/10717540802174662,78.99,67.33971666666667,11.65028333333332,61.36303526190477,17.626964738095225,9.324652991721859,13.05424446517857,False,58.17903166666668,20.810968333333314,61.616868333333315,17.37313166666668,47.51864547619047,31.471354523809524,68.13256416666668,10.857435833333312,71.36806666666669,7.621933333333303,-17.626964738095225
217,cefpodoxime-proxetil,cefpodoxime-proxetil,10.1016/j.jddst.2020.102145,39.49,70.5461166666667,31.056116666666703,69.04577616666666,29.555776166666647,1.5553947414575073,25.448107596207542,False,70.27283357142854,30.782833571428533,66.82049833333329,27.33049833333329,69.43897892857143,29.948978928571428,70.54866999999999,31.058669999999985,68.14790000000002,28.65790000000002,29.555776166666654
218,cefpodoxime-proxetil,cefpodoxime-proxetil,10.1016/j.jddst.2020.102145,30.68,67.21580000000003,36.53580000000003,69.3006037142857,38.62060371428571,2.350444664523933,34.258107596207545,False,69.10256666666665,38.42256666666665,66.29749523809522,35.61749523809522,70.23165333333333,39.55165333333333,72.626195,41.946194999999996,68.24510833333335,37.56510833333335,38.6206037142857
219,ketoprofen ,ketoprofen,10.1016/j.colsurfb.2019.01.012,13.21,74.14935999999997,60.93935999999997,83.4924017857143,70.28240178571431,3.3372681059830085,52.13568813123904,False,79.7292,66.51920000000001,81.33045000000001,68.12045,86.77893750000003,73.56893750000003,87.20244714285718,73.99244714285717,82.42097428571431,69.21097428571431,70.28240178571431
220,dl-α-tocopherol,dl-α-tocopherol,10.1016/j.colsurfb.2019.01.012,88.25,31.148800000000016,57.101199999999984,50.34740552380953,37.90259447619047,21.151855383853697,23.71034837647532,False,37.184000000000026,51.065999999999974,36.89096666666669,51.35903333333331,66.20628666666664,22.043713333333358,32.00185000000001,56.24814999999999,79.45392428571428,8.79607571428572,-37.90259447619047
221,ketoprofen ,ketoprofen,10.1016/j.colsurfb.2019.01.012,7.91,83.59280999999999,75.68280999999999,83.18150940476191,75.27150940476193,2.422252269378742,57.43568813123905,False,80.09183333333331,72.18183333333332,81.90585,73.99585,85.35773750000003,77.44773750000003,85.88288523809526,77.97288523809526,82.66924095238099,74.75924095238099,75.27150940476191
222,dl-α-tocopherol,dl-α-tocopherol,10.1016/j.colsurfb.2019.01.012,90.28,37.863849999999985,52.416150000000016,53.46281052380952,36.81718947619048,18.582478020966622,25.74034837647532,False,42.62205,47.65795,38.14789166666668,52.13210833333332,66.27248666666664,24.007513333333364,40.43784999999999,49.84215000000001,79.8337742857143,10.446225714285703,-36.81718947619048
223,combretastatin-A4,combretastatin-a4,10.1088/2053-1591/ab63f5,31.0,25.778616666666675,5.221383333333325,39.584528333333324,13.790654999999987,9.210769185637911,34.11163149723387,False,24.96568333333334,6.034316666666658,24.019000000000002,6.980999999999998,58.938099999999956,27.938099999999956,49.03620833333331,18.036208333333313,40.96365000000001,9.963650000000008,8.584528333333324
224,combretastatin-A4,combretastatin-a4,10.1088/2053-1591/ab63f5,32.0,31.047769047619052,0.9522309523809476,41.079031666666666,12.727058333333327,9.710375586246503,33.11163149723387,False,26.578866666666677,5.421133333333323,28.301066666666667,3.6989333333333327,60.041699999999985,28.041699999999985,47.13730833333332,15.137308333333323,43.33621666666667,11.336216666666672,9.079031666666666
225,methyl-4-hydroxybenzoate,methyl-4-hydroxybenzoate,10.1016/j.jddst.2019.01.010,0.3,2.692300000000003,2.392300000000003,8.76396,8.46396,6.71076448797006,65.49207166157166,False,8.709599999999984,8.409599999999983,5.240500000000002,4.940500000000002,3.737000000000003,3.4370000000000034,20.326800000000013,20.026800000000012,5.805899999999999,5.5059,8.46396
226,ethyl-4-hydroxybenzoate,ethyl-4-hydroxybenzoate,10.1016/j.jddst.2019.01.010,1.3,9.624114285714283,8.324114285714282,16.415400000000005,15.115400000000003,6.601058651458874,63.706653934279835,False,22.38770000000001,21.08770000000001,8.7515,7.4515,21.980700000000002,20.6807,19.029200000000014,17.729200000000013,9.927900000000001,8.6279,15.115400000000005
227,propyl-4-hydroxybenzoate,propyl-4-hydroxybenzoate,10.1016/j.jddst.2019.01.010,2.2,8.066449999999989,5.866449999999989,8.65637999999999,6.4563799999999905,1.942856585546137,61.88823279362829,False,7.31399999999999,5.11399999999999,7.0113999999999965,4.811399999999996,11.49689999999999,9.29689999999999,7.609199999999988,5.409199999999988,9.850399999999986,7.650399999999986,6.45637999999999
228,butyl-4-hydroxybenzoate,butyl-4-hydroxybenzoate,10.1016/j.jddst.2019.01.010,4.9,9.641999999999978,4.741999999999978,17.24383333333334,12.34383333333334,7.197638593123599,59.40358476923914,False,30.10130000000001,25.20130000000001,14.283599999999995,9.383599999999994,13.996966666666683,9.096966666666683,14.414000000000003,9.514000000000003,13.423300000000008,8.523300000000008,12.343833333333338
229,heptyl-4-hydroxybenzoate,heptyl-4-hydroxybenzoate,10.1016/j.jddst.2019.01.010,7.4,21.06289999999998,13.662899999999981,27.005753333333338,19.605753333333332,6.313983025335288,57.53898428239497,False,35.83826666666665,28.43826666666665,20.20259999999999,12.80259999999999,30.525600000000004,23.125600000000006,26.15250000000003,18.752500000000026,22.30980000000001,14.90980000000001,19.60575333333334
230,octyl-4-hydroxybenzoate,octyl-4-hydroxybenzoate,10.1016/j.jddst.2019.01.010,12.3,31.65172000000004,19.35172000000004,19.82520666666668,9.473926666666678,9.254476628349453,51.388186433330944,False,38.27386666666664,25.97386666666664,18.391666666666698,6.091666666666697,7.428199999999991,4.87180000000001,18.369600000000027,6.069600000000026,16.662700000000026,4.362700000000025,7.52520666666668
231,diosgenin,diosgenin,10.1016/j.jddst.2022.103743,58.48,68.22147500000004,9.741475000000044,74.25064533333335,15.770645333333352,4.744803521403181,5.3461006325217495,False,73.38231,14.902310000000007,82.42058333333335,23.940583333333358,73.44395000000003,14.963950000000033,70.36755000000001,11.887550000000012,71.63883333333335,13.158833333333355,15.770645333333356
232,diosgenin,diosgenin,10.1016/j.jddst.2022.103743,78.68,68.00731666666672,10.672683333333282,67.1756286666667,11.504371333333319,2.103697108333061,14.85389936747826,False,65.09747666666667,13.582523333333341,67.07141666666669,11.608583333333314,66.33708333333337,12.342916666666639,70.69935000000001,7.980649999999997,66.6728166666667,12.007183333333302,-11.50437133333331
233,diosgenin,diosgenin,10.1016/j.jddst.2022.103743,72.8,68.46238333333335,4.337616666666648,66.39048116666666,6.4095188333333315,3.0294464111684762,8.97389936747825,False,65.3442558333333,7.45574416666669,66.64783333333335,6.152166666666645,63.610399999999984,9.189600000000013,71.45,1.3499999999999943,64.89991666666668,7.900083333333313,-6.409518833333337
234,clobetasol_propionate,clobetasol-propionate,10.1111/iej.14072,80.37,63.54939999999997,16.820600000000034,65.88534566666665,14.484654333333362,4.0518089524357155,16.029110788483823,False,64.12161666666665,16.24838333333335,63.225133333333325,17.14486666666668,62.777583333333304,17.5924166666667,66.69656666666666,13.67343333333335,72.60582833333328,7.764171666666726,-14.484654333333353
235,clobetasol_propionate,clobetasol-propionate,10.1111/iej.14072,80.14,64.48513333333334,15.654866666666663,67.49483233333333,12.645167666666676,3.786629040013238,15.79911078848382,False,65.06511666666665,15.074883333333347,64.07836666666667,16.061633333333333,65.43121666666667,14.70878333333333,69.99413333333332,10.145866666666677,72.9053283333333,7.234671666666699,-12.645167666666666
236,clobetasol_propionate,clobetasol-propionate,10.1111/iej.14072,70.62,69.4475,1.1724999999999994,68.69235504761905,2.3423517142857166,2.6746993038173694,6.279110788483822,False,63.69134999999999,6.928650000000012,68.96963333333335,1.650366666666656,68.52402499999998,2.095975000000024,70.69755,0.07755000000000223,71.57921690476189,0.9592169047618881,-1.927644952380959
237,clobetasol_propionate,clobetasol-propionate,10.1111/iej.14072,89.67,64.48513333333334,25.184866666666665,67.49483233333333,22.175167666666677,3.786629040013238,25.32911078848382,False,65.06511666666665,24.604883333333348,64.07836666666667,25.591633333333334,65.43121666666667,24.23878333333333,69.99413333333332,19.67586666666668,72.9053283333333,16.7646716666667,-22.175167666666667
238,clobetasol_propionate,clobetasol-propionate,10.1111/iej.14072,93.28,64.83399999999997,28.446000000000026,66.25089566666665,27.02910433333335,4.107982058112517,28.939110788483823,False,64.7815,28.498500000000007,63.59623333333333,29.68376666666667,62.857316666666655,30.422683333333346,66.96653333333333,26.31346666666667,73.05289499999996,20.227105000000037,-27.02910433333335
239,clobetasol_propionate,clobetasol-propionate,10.1111/iej.14072,87.22,64.83399999999997,22.386000000000024,66.25089566666665,20.969104333333345,4.107982058112517,22.879110788483818,False,64.7815,22.438500000000005,63.59623333333333,23.62376666666667,62.857316666666655,24.362683333333344,66.96653333333333,20.253466666666668,73.05289499999996,14.167105000000035,-20.969104333333348
240,clobetasol_propionate,clobetasol-propionate,10.1111/iej.14072,77.0,64.2482666666667,12.751733333333306,64.28038566666669,12.719614333333308,3.9590674009515365,12.659110788483819,False,62.25575000000001,14.744249999999987,60.56043333333338,16.43956666666662,62.259150000000034,14.740849999999966,65.86980000000003,11.130199999999974,70.45679500000001,6.543204999999986,-12.719614333333311
241,clobetasol_propionate,clobetasol-propionate,10.1111/iej.14072,91.64,63.84656666666663,27.79343333333337,65.10919566666665,26.530804333333357,4.634138424075896,27.29911078848382,False,62.74493333333333,28.895066666666672,61.809566666666655,29.830433333333346,61.83778333333329,29.80221666666671,66.51076666666665,25.129233333333346,72.6429283333333,18.9970716666667,-26.53080433333335
242,clobetasol_propionate,clobetasol-propionate,10.1111/iej.14072,87.46,64.48513333333334,22.974866666666657,67.49483233333333,19.96516766666667,3.786629040013238,23.119110788483813,False,65.06511666666665,22.39488333333334,64.07836666666667,23.381633333333326,65.43121666666667,22.028783333333323,69.99413333333332,17.46586666666667,72.9053283333333,14.554671666666692,-19.96516766666666
243,clobetasol_propionate,clobetasol-propionate,10.1111/iej.14072,85.04,72.41996666666665,12.620033333333353,71.94466185714285,13.095338142857155,3.1100535100983584,20.699110788483825,False,68.17004999999999,16.869950000000017,71.3278666666667,13.712133333333313,71.26188333333333,13.778116666666676,72.16639999999998,12.873600000000025,76.79710928571426,8.24289071428575,-13.095338142857159
244,clobetasol_propionate,clobetasol-propionate,10.1111/iej.14072,84.04,71.79488333333333,12.245116666666675,70.36085647619048,13.67914352380954,3.2373331168167137,19.699110788483825,False,65.0289,19.011100000000013,70.34070833333331,13.699291666666696,70.97988809523808,13.060111904761925,71.75093333333331,12.289066666666699,73.70385261904764,10.336147380952369,-13.679143523809529
245,clobetasol_propionate,clobetasol-propionate,10.1111/iej.14072,88.64,61.28306666666665,27.35693333333335,62.24468566666665,26.395314333333356,4.785248952507241,24.29911078848382,False,60.51744999999999,28.12255000000001,57.79959999999997,30.84040000000003,59.10134999999997,29.538650000000032,64.11136666666667,24.52863333333333,69.69366166666663,18.946338333333372,-26.395314333333353
246,clobetasol_propionate,clobetasol-propionate,10.1111/iej.14072,79.94,62.872066666666676,17.067933333333322,63.007059000000005,16.93294099999999,3.4746731193323064,15.599110788483816,False,61.76715000000002,18.172849999999976,60.18573333333334,19.75426666666666,60.985950000000024,18.954049999999974,63.200966666666666,16.73903333333333,68.895495,11.044505000000001,-16.932940999999992
247,clobetasol_propionate,clobetasol-propionate,10.1111/iej.14072,96.82,62.872066666666676,33.94793333333332,63.007059000000005,33.81294099999999,3.4746731193323064,32.47911078848381,False,61.76715000000002,35.05284999999997,60.18573333333334,36.634266666666655,60.985950000000024,35.83404999999997,63.200966666666666,33.61903333333333,68.895495,27.924504999999996,-33.81294099999999
248,clobetasol_propionate,clobetasol-propionate,10.1111/iej.14072,88.21,69.15073333333333,19.05926666666666,67.90706600000001,20.302933999999976,4.897445971919478,23.869110788483813,False,63.30073833333332,24.909261666666673,64.60876666666671,23.601233333333283,66.4263166666667,21.7836833333333,69.63263333333335,18.57736666666665,75.56687500000002,12.64312499999997,-20.30293399999998
249,clobetasol_propionate,clobetasol-propionate,10.1111/iej.14072,78.27,75.92186666666672,2.34813333333328,72.7579371904762,5.512062809523792,3.3192270103395387,13.929110788483815,False,69.32153333333335,8.948466666666647,70.64110000000004,7.628899999999959,72.39155000000002,5.878449999999972,73.46786666666667,4.80213333333333,77.96763595238095,0.3023640476190508,-5.512062809523798
250,clobetasol_propionate,clobetasol-propionate,10.1111/iej.14072,67.76,71.79488333333333,4.034883333333326,70.36085647619048,3.693296476190466,1.3730787104585107,3.419110788483823,False,65.0289,2.731100000000012,70.34070833333331,2.5807083333333054,70.97988809523808,3.219888095238076,71.75093333333331,3.9909333333333024,73.70385261904764,5.943852619047632,2.600856476190472
251,clobetasol_propionate,clobetasol-propionate,10.1111/iej.14072,64.78,71.44276666666671,6.6627666666667125,69.40109719047622,4.621097190476223,3.559067673631643,0.6575660976236037,False,66.16725000000002,1.387250000000023,66.15360000000007,1.3736000000000672,69.67253333333338,4.892533333333375,70.23573333333336,5.455733333333356,74.7763692857143,9.996369285714295,4.62109719047622
252,clobetasol_propionate,clobetasol-propionate,10.1111/iej.14072,82.05,69.4475,12.602499999999992,68.69235504761905,13.357644952380952,3.060639145597357,17.709110788483816,False,63.69134999999999,18.358650000000004,68.96963333333335,13.080366666666649,68.52402499999998,13.525975000000017,70.69755,11.35244999999999,71.57921690476189,10.470783095238104,-13.357644952380952
253,clobetasol_propionate,clobetasol-propionate,10.1111/iej.14072,15.91,68.37987666666668,52.46987666666668,68.28550380952382,52.375503809523806,4.24342210755607,48.43088921151619,False,65.91286666666669,50.00286666666669,64.51043333333334,48.60043333333334,65.2493380952381,49.339338095238105,72.26266666666666,56.352666666666664,73.49221428571427,57.58221428571427,52.37550380952382
254,clobetasol_propionate,clobetasol-propionate,10.1111/iej.14072,81.65,61.28306666666665,20.366933333333357,62.24468566666665,19.405314333333358,4.785248952507242,17.309110788483824,False,60.51744999999999,21.132550000000016,57.79959999999997,23.850400000000036,59.10134999999997,22.548650000000038,64.11136666666667,17.538633333333337,69.69366166666663,11.956338333333377,-19.405314333333358
255,clobetasol_propionate,clobetasol-propionate,10.1111/iej.14072,89.7,63.84656666666663,25.85343333333337,65.10919566666665,24.590804333333356,4.634138424075896,25.35911078848382,False,62.74493333333333,26.955066666666674,61.809566666666655,27.89043333333335,61.83778333333329,27.86221666666671,66.51076666666665,23.18923333333335,72.6429283333333,17.0570716666667,-24.590804333333352
256,clobetasol_propionate,clobetasol-propionate,10.1111/iej.14072,71.49,71.44276666666671,0.04723333333328128,69.40109719047622,3.4034505238094908,1.9084056316756304,7.149110788483813,False,66.16725000000002,5.322749999999971,66.15360000000007,5.3363999999999265,69.67253333333338,1.8174666666666184,70.23573333333336,1.2542666666666378,74.7763692857143,3.2863692857143008,-2.0889028095237734
257,clobetasol_propionate,clobetasol-propionate,10.1111/iej.14072,92.81,63.32786666666663,29.482133333333373,64.82937566666665,27.980624333333367,4.542574654459243,28.469110788483817,False,63.113649999999986,29.696350000000017,60.35666666666664,32.45333333333336,61.88313333333329,30.92686666666671,67.25316666666664,25.55683333333336,71.54026166666662,21.26973833333338,-27.980624333333353
258,clobetasol_propionate,clobetasol-propionate,10.1111/iej.14072,69.22,75.92186666666672,6.701866666666717,72.7579371904762,3.5379371904762054,3.3192270103395387,4.879110788483817,False,69.32153333333335,0.10153333333335013,70.64110000000004,1.4211000000000382,72.39155000000002,3.1715500000000247,73.46786666666667,4.247866666666667,77.96763595238095,8.747635952380946,3.5379371904761996
259,clobetasol_propionate,clobetasol-propionate,10.1111/iej.14072,83.24,64.48513333333334,18.754866666666658,67.49483233333333,15.74516766666667,3.786629040013238,18.899110788483814,False,65.06511666666665,18.17488333333334,64.07836666666667,19.161633333333327,65.43121666666667,17.808783333333324,69.99413333333332,13.245866666666672,72.9053283333333,10.334671666666694,-15.74516766666666
260,rapamycin,rapamycin,10.3109/10717544.2015.1039667,74.25,71.08929666666666,3.1607033333333447,70.73803352380953,3.7667368571428597,2.80084116618038,9.11366896444456,False,69.65259999999999,4.5974000000000075,69.60604333333333,4.643956666666668,66.68096666666665,7.569033333333351,72.86363166666669,1.3863683333333086,74.88692595238096,0.6369259523809632,-3.511966476190466
261,piperine,piperine,10.3109/10717544.2015.1039667,91.1,66.40653333333334,24.69346666666665,68.75508564285714,22.34491435714285,4.766513410433262,26.283036001710922,False,73.47359583333332,17.626404166666674,70.23233333333333,20.867666666666665,71.01681333333335,20.08318666666665,68.10069999999999,22.999300000000005,60.95198571428572,30.148014285714275,-22.344914357142855
262,lamotrigine,lamotrigine,10.1208/s12249-014-0235-3,64.14,55.76389285714287,8.37610714285713,48.38226523809525,15.757734761904754,16.10376344057454,1.7909275874184147,False,60.92254285714284,3.217457142857164,52.39027500000001,11.74972499999999,20.49522500000002,43.64477499999998,50.73265000000002,13.40734999999998,57.37063333333334,6.769366666666663,-15.75773476190475
263,lamotrigine,lamotrigine,10.1208/s12249-014-0235-3,60.1,54.512492857142846,5.587507142857156,47.32230523809522,12.777694761904781,15.564133836076268,3.9537119098202127,False,59.53914285714281,0.5608571428571949,50.94107499999999,9.15892500000001,20.419425000000018,39.68057499999998,49.568449999999984,10.531550000000017,56.1434333333333,3.9565666666667028,-12.777694761904783
264,lamotrigine,lamotrigine,10.1208/s12249-014-0235-3,58.59,53.283992857142884,5.306007142857119,46.67867523809525,11.911324761904753,15.112767993911074,5.46371190982021,False,58.13109285714287,0.45890714285713585,50.09767500000002,8.492324999999987,20.44942500000002,38.140574999999984,49.33585,9.254150000000003,55.37933333333335,3.210666666666654,-11.911324761904751
265,lamotrigine,lamotrigine,10.1208/s12249-014-0235-3,74.38,58.45765,15.922349999999994,51.936345238095235,22.44365476190476,18.26983155677583,10.326288090179782,False,69.13978785714284,5.24021214285716,53.734375,20.645624999999995,21.255975000000007,53.12402499999999,54.13765,20.242349999999995,61.413938333333334,12.966061666666661,-22.44365476190476
266,lamotrigine,lamotrigine,10.1208/s12249-014-0235-3,72.74,57.56515,15.174849999999992,51.23355857142858,21.506441428571414,17.975956938165915,8.686288090179781,False,68.32028785714284,4.419712142857151,52.814075000000024,19.92592499999997,21.18307500000001,51.556924999999985,53.0351166666667,19.704883333333292,60.81523833333333,11.924761666666662,-21.506441428571414
267,lamotrigine,lamotrigine,10.1208/s12249-014-0235-3,69.13,55.72435000000003,13.405649999999966,50.358868571428594,18.771131428571405,17.375778306712366,5.076288090179782,False,66.5941378571429,2.5358621428570984,51.46777500000002,17.662224999999978,21.24437500000001,47.88562499999999,52.643116666666685,16.48688333333331,59.844938333333346,9.28506166666665,-18.7711314285714
268,lamotrigine,lamotrigine,10.1208/s12249-014-0235-3,83.36,61.166866666666714,22.193133333333286,54.42283023809527,28.937169761904737,19.80114475491512,19.306288090179784,False,74.06453785714291,9.29546214285709,54.28947500000002,29.070524999999982,21.646775000000005,61.713224999999994,57.875400000000035,25.484599999999965,64.23796333333337,19.12203666666663,-28.937169761904727
269,lamotrigine,lamotrigine,10.1208/s12249-014-0235-3,81.78,60.268766666666686,21.511233333333315,53.59364357142859,28.186356428571408,19.423378221423878,17.726288090179786,False,73.32283785714289,8.457162142857115,53.604975000000024,28.175024999999977,21.587175000000006,60.192825,56.54946666666671,25.23053333333329,62.90376333333335,18.87623666666665,-28.186356428571408
270,lamotrigine,lamotrigine,10.1208/s12249-014-0235-3,79.17,58.44036666666668,20.729633333333325,52.7643015714286,26.405698428571405,18.815127627129012,15.116288090179788,False,71.53992785714289,7.6300721428571165,52.433575000000026,26.736424999999976,21.66807500000001,57.50192499999999,56.226466666666695,22.943533333333306,61.95346333333337,17.216536666666634,-26.405698428571405
271,lamotrigine,lamotrigine,10.1208/s12249-014-0235-3,61.67,53.709333333333355,7.960666666666647,46.43870166666668,15.231298333333323,16.191929013593892,2.603112561286008,False,59.665299999999995,2.004700000000007,50.608108333333355,11.061891666666646,18.324750000000023,43.34524999999998,49.72935000000001,11.94064999999999,53.866000000000014,7.803999999999988,-15.23129833333332
272,lamotrigine,lamotrigine,10.1208/s12249-014-0235-3,57.93,52.33393333333331,5.596066666666687,45.298341666666644,12.803138333333333,15.416632694344994,6.123711909820214,False,58.35869999999996,0.42869999999996367,49.15600833333333,8.773991666666667,18.286850000000026,39.64314999999998,48.54454999999998,9.38545000000002,52.14559999999996,5.784400000000041,-12.631658333333355
273,lamotrigine,lamotrigine,10.1208/s12249-014-0235-3,56.21,50.89775833333333,5.312241666666672,44.67452166666666,11.895318333333332,14.798599763280434,7.843711909820213,False,57.109599999999965,0.899599999999964,48.42480833333334,7.7851916666666625,18.33905000000002,37.87094999999998,48.26874999999999,7.941250000000011,51.23039999999996,4.97960000000004,-11.535478333333344
274,lamotrigine,lamotrigine,10.1208/s12249-014-0235-3,73.59,57.21563333333334,16.374366666666667,50.398514333333345,23.191485666666665,18.91824014927615,9.53628809017979,False,68.64184499999999,4.948155000000014,53.08150833333334,20.508491666666664,18.447500000000005,55.1425,53.68123333333334,19.908766666666665,58.14048500000002,15.449514999999984,-23.191485666666658
275,lamotrigine,lamotrigine,10.1208/s12249-014-0235-3,70.38,55.382633333333345,14.99736666666665,49.561387666666675,20.818612333333316,18.565276804186258,6.326288090179782,False,67.59354499999999,2.7864550000000037,51.97080833333335,18.409191666666644,18.314800000000005,52.06519999999999,52.41530000000003,17.964699999999965,57.512485000000005,12.86751499999999,-20.81861233333332
276,lamotrigine,lamotrigine,10.1208/s12249-014-0235-3,68.65,53.90295833333339,14.747041666666618,48.8263276666667,19.82367233333331,18.028917625956925,4.596288090179792,False,66.12334500000006,2.5266549999999484,50.71010833333337,17.939891666666632,18.424400000000006,50.2256,52.17880000000002,16.47119999999999,56.69498500000003,11.955014999999975,-19.823672333333306
277,lamotrigine,lamotrigine,10.1208/s12249-014-0235-3,81.78,59.72830000000001,22.05169999999999,52.89663933333336,28.883360666666636,20.31533011501662,17.726288090179786,False,73.77939500000004,8.000604999999965,54.087908333333374,27.692091666666627,19.10960000000001,62.67039999999999,57.492083333333355,24.287916666666646,60.01421000000005,21.765789999999953,-28.88336066666664
278,lamotrigine,lamotrigine,10.1208/s12249-014-0235-3,80.59,58.17760000000001,22.41239999999999,51.970192666666684,28.619807333333313,19.841069918196787,16.536288090179788,False,72.61679500000002,7.973204999999979,53.21740833333335,27.37259166666665,19.06640000000001,61.523599999999995,56.14005000000004,24.449949999999966,58.810310000000044,21.77968999999996,-28.61980733333332
279,lamotrigine,lamotrigine,10.1208/s12249-014-0235-3,78.28,56.16022500000002,22.119774999999983,51.1629606666667,27.1170393333333,19.272993724441815,14.226288090179787,False,70.87573500000003,7.404264999999967,52.05510833333337,26.22489166666663,19.091400000000007,59.188599999999994,55.87725000000004,22.402749999999962,57.91531000000005,20.364689999999953,-27.117039333333302
280,lamotrigine,lamotrigine,10.1208/s12249-014-0235-3,57.9,53.58483333333336,4.3151666666666415,45.14885166666668,12.751148333333322,15.38310121772607,6.153711909820215,False,56.9771,0.9228999999999985,49.684208333333366,8.215791666666632,18.289850000000023,39.610149999999976,48.2057,9.694299999999998,52.587399999999995,5.312600000000003,-12.751148333333319
281,lamotrigine,lamotrigine,10.1208/s12249-014-0235-3,54.66,52.76333333333332,1.8966666666666754,44.29199166666665,10.912768333333334,14.482667014206623,9.393711909820217,False,56.02189999999997,1.3618999999999701,48.51960833333334,6.140391666666659,18.190950000000022,36.469049999999974,47.268299999999975,7.3917000000000215,51.45919999999995,3.2008000000000436,-10.36800833333335
282,lamotrigine,lamotrigine,10.1208/s12249-014-0235-3,52.39,50.8311333333333,1.5588666666667024,43.53329166666665,9.778068333333334,13.669525152118071,11.663711909820213,False,54.69339999999995,2.3033999999999466,47.473108333333336,4.916891666666665,18.29685000000002,34.09314999999998,47.02869999999998,5.361300000000021,50.17439999999995,2.2156000000000518,-8.856708333333351
283,lamotrigine,lamotrigine,10.1208/s12249-014-0235-3,70.24,58.837533333333376,11.40246666666662,49.20188385714288,21.03811614285711,17.841060555939002,6.186288090179781,False,66.05504500000004,4.18495499999996,52.59922261904766,17.640777380952336,18.799200000000006,51.44079999999999,53.332933333333365,16.90706666666663,55.223018333333364,15.01698166666663,-21.038116142857113
284,lamotrigine,lamotrigine,10.1208/s12249-014-0235-3,66.84,56.90043333333337,9.939566666666636,48.33519719047621,18.504802809523802,17.50459262523406,2.979097078943835,False,65.11224499999999,1.7277550000000161,51.33862261904765,15.501377380952356,18.640100000000004,48.1999,51.84260000000003,14.99739999999997,54.74241833333333,12.09758166666667,-18.504802809523795
285,lamotrigine,lamotrigine,10.1208/s12249-014-0235-3,65.25,54.688333333333375,10.561666666666625,47.58777052380953,17.66222947619047,16.944614863880005,2.0250970789438325,False,63.59584499999997,1.6541550000000314,50.18332261904766,15.066677380952342,18.758100000000002,46.4919,51.68870000000002,13.561299999999981,53.71288500000001,11.537114999999993,-17.66222947619047
286,lamotrigine,lamotrigine,10.1208/s12249-014-0235-3,78.8,61.78030000000006,17.019699999999936,52.63441533333338,26.16558466666661,19.989262705132692,14.746288090179783,False,73.1275750000001,5.67242499999989,53.760208333333395,25.039791666666602,19.377800000000008,59.42219999999999,57.16378333333337,21.636216666666627,59.74271000000006,19.057289999999938,-26.165584666666618
287,lamotrigine,lamotrigine,10.1208/s12249-014-0235-3,75.99,60.27930000000006,15.710699999999932,51.74668866666671,24.24331133333328,19.56119690704868,11.936288090179781,False,72.18687500000009,3.803124999999909,52.866108333333386,23.12389166666661,19.351500000000005,56.63849999999999,55.86945000000004,20.12054999999995,58.45951000000005,17.530489999999944,-24.24331133333329
288,lamotrigine,lamotrigine,10.1208/s12249-014-0235-3,73.26,57.52000000000005,15.739999999999952,50.9476766666667,22.312323333333303,19.01160605549394,9.206288090179791,False,70.59911500000007,2.6608849999999364,51.657208333333365,21.60279166666664,19.411700000000007,53.848299999999995,55.50465000000002,17.755349999999986,57.56571000000005,15.694289999999953,-22.312323333333303
289,tramadol,tramadol,10.3109/03639045.2012.684390,60.28,68.48832261904765,8.20832261904765,61.47075219047623,6.178048571428593,2.271864981094126,4.446024207168212,False,52.09300904761906,8.186990952380938,69.31775333333339,9.037753333333384,55.99875000000003,4.281249999999972,65.42925357142863,5.1492535714286305,64.51499500000004,4.2349950000000405,1.190752190476232
290,tramadol,tramadol,10.3109/03639045.2012.684390,56.49,67.13212261904764,10.642122619047633,60.151852190476234,6.319788571428594,3.382743527973739,8.23602420716821,False,51.514509047619065,4.975490952380937,67.42575333333339,10.935753333333388,54.82065000000003,1.669349999999973,63.699753571428616,7.209753571428614,63.29859500000006,6.808595000000061,3.661852190476232
291,tramadol,tramadol,10.3109/03639045.2012.684390,55.06,67.18892261904766,12.128922619047657,59.58973219047623,6.794828571428591,4.216133225422624,9.66602420716821,False,50.89330904761907,4.166690952380932,67.66075333333337,12.600753333333373,53.56395000000004,1.4960499999999612,63.19895357142863,8.13895357142863,62.631695000000065,7.571695000000062,4.529732190476224
292,tramadol,tramadol,10.3109/03639045.2012.684390,69.91,70.62325833333338,0.7132583333333855,64.56041838095243,6.800992285714267,5.6958231349042645,5.183975792831784,False,53.41880000000004,16.491199999999957,73.53852666666674,3.628526666666744,62.499850000000045,7.410149999999952,66.80942023809529,3.1005797619047115,66.53549500000003,3.3745049999999708,-5.349581619047569
293,tramadol,tramadol,10.3109/03639045.2012.684390,68.36,69.98615833333336,1.6261583333333647,64.00294504761908,6.085558952380943,5.406345076064943,3.6339757928317864,False,53.04930000000003,15.310699999999969,72.68126000000004,4.321260000000038,62.17245000000003,6.187549999999966,65.84412023809526,2.515879761904742,66.267595,2.0924049999999994,-4.3570549523809206
294,tramadol,tramadol,10.3109/03639045.2012.684390,64.97,70.41535833333337,5.445358333333374,63.96690504761908,5.119245047619058,4.822942536696398,1.1775243948264162,False,53.07350000000004,11.89649999999996,73.25486000000006,8.284860000000066,61.56065000000003,3.409349999999968,66.34432023809528,1.3743202380952795,65.60119500000002,0.6311950000000195,-1.0030949523809198
295,tramadol,tramadol,10.3109/03639045.2012.684390,78.35,73.29805833333329,5.051941666666707,66.58869304761905,11.761306952380956,8.1374380703653,13.623975792831782,False,53.865633333333356,24.484366666666638,75.28375999999999,3.0662400000000076,64.11373999999998,14.236260000000016,70.08675357142857,8.26324642857142,69.5935783333333,8.756421666666697,-11.761306952380949
296,tramadol,tramadol,10.3109/03639045.2012.684390,76.86,71.75435833333333,5.105641666666671,65.72545304761907,11.134546952380944,7.632253353809752,12.133975792831787,False,53.52383333333335,23.33616666666665,73.37386000000001,3.486139999999992,63.71344000000001,13.146559999999987,69.1268535714286,7.733146428571402,68.88927833333331,7.970721666666691,-11.13454695238093
297,tramadol,tramadol,10.3109/03639045.2012.684390,74.4,72.02589166666665,2.3741083333333535,65.51341971428573,8.88658028571427,7.896068753020001,9.673975792831794,False,53.81363333333336,20.58636666666665,74.26406000000003,0.13593999999997664,61.87337333333337,12.526626666666637,69.50595357142859,4.894046428571414,68.11007833333333,6.289921666666672,-8.886580285714274
298,tramadol,tramadol,10.3109/03639045.2012.684390,57.96,66.99250833333338,9.032508333333375,59.68971266666671,5.8597993333333545,2.2179446537409104,6.766024207168212,False,52.064050000000016,5.895949999999985,66.92298000000007,8.962980000000066,53.53073333333337,4.429266666666628,64.77366666666673,6.813666666666727,61.15713333333337,3.197133333333369,1.7297126666667069
299,tramadol,tramadol,10.3109/03639045.2012.684390,54.45,65.46720833333337,11.017208333333372,58.24393266666671,6.058739333333355,3.4995077781203277,10.27602420716821,False,51.12115000000001,3.3288499999999956,65.15398000000006,10.703980000000058,52.11683333333336,2.333166666666642,62.90336666666671,8.45336666666671,59.92433333333337,5.4743333333333695,3.7939326666667057
300,tramadol,tramadol,10.3109/03639045.2012.684390,52.83,65.60280833333337,12.772808333333373,57.64435133333338,6.262038000000031,4.4741126140881455,11.896024207168214,False,51.116150000000005,1.7138499999999937,64.28678000000008,11.45678000000008,50.924633333333375,1.9053666666666231,62.75490000000006,9.924900000000065,59.13929333333339,6.309293333333393,4.814351333333384
301,tramadol,tramadol,10.3109/03639045.2012.684390,69.16,66.27195833333336,2.8880416666666378,61.732869000000036,7.59727766666664,7.035607604664511,4.433975792831784,False,50.37715000000003,18.782849999999968,69.58536666666672,0.42536666666671863,59.629300000000036,9.53069999999996,64.42732000000007,4.732679999999931,64.64520833333337,4.514791666666625,-7.42713099999996
302,tramadol,tramadol,10.3109/03639045.2012.684390,66.15,65.30135833333337,0.8486416666666372,60.552955666666705,6.177964333333314,6.222127111653124,1.668505761286046,False,49.72775000000002,16.422249999999984,67.60230000000006,1.4523000000000508,58.44850000000003,7.7014999999999745,63.01092000000007,3.139079999999936,63.97530833333338,2.174691666666625,-5.597044333333301
303,tramadol,tramadol,10.3109/03639045.2012.684390,64.52,65.59405833333332,1.0740583333333262,60.4162776666667,5.380582333333315,5.716815449010385,1.0875243948264157,False,49.768150000000034,14.751849999999962,67.71215000000004,3.1921500000000407,57.80000000000002,6.7199999999999775,63.33132000000005,1.1886799999999482,63.46976833333335,1.0502316666666474,-4.103722333333295
304,tramadol,tramadol,10.3109/03639045.2012.684390,77.9,72.38720833333328,5.512791666666729,64.91617000000001,12.983830000000001,8.165996665087615,13.173975792831794,False,51.61555000000002,26.284449999999985,73.23949999999999,4.660500000000013,63.8498,14.050200000000004,68.69616666666667,9.203833333333336,67.17983333333333,10.720166666666671,-12.983829999999998
305,tramadol,tramadol,10.3109/03639045.2012.684390,75.74,70.14980833333333,5.590191666666669,63.43343500000002,12.306564999999974,7.4829497534821705,11.013975792831783,False,50.922150000000016,24.81784999999998,70.32222500000002,5.417774999999978,62.80090000000004,12.939099999999954,66.6785666666667,9.061433333333298,66.44333333333333,9.296666666666667,-12.306564999999978
306,tramadol,tramadol,10.3109/03639045.2012.684390,73.57,70.1959083333333,3.3740916666666863,63.06509200000001,10.50490799999999,7.682700558414176,8.843975792831781,False,50.708650000000006,22.861349999999987,70.79084166666668,2.7791583333333136,61.41817500000001,12.151824999999981,67.01326666666667,6.556733333333327,65.39452666666665,8.175473333333343,-10.504907999999986
307,tramadol,tramadol,10.3109/03639045.2012.684390,54.42,63.775449999999964,9.355449999999962,57.61646266666664,5.425662666666646,3.0682571543860195,10.30602420716821,False,50.63774999999999,3.782250000000012,63.65401333333329,9.234013333333287,52.62925000000001,1.7907499999999885,62.33556666666663,7.915566666666628,58.82573333333332,4.405733333333316,3.1964626666666405
308,tramadol,tramadol,10.3109/03639045.2012.684390,51.37,62.224849999999954,10.854849999999956,56.18012266666666,5.487522666666661,4.500379365550676,13.356024207168215,False,49.96824999999998,1.401750000000014,61.743413333333294,10.373413333333296,51.07825,0.2917500000000004,60.43216666666665,9.062166666666656,57.678533333333334,6.308533333333337,4.810122666666665
309,tramadol,tramadol,10.3109/03639045.2012.684390,49.23,62.131749999999975,12.901749999999979,55.48982266666668,6.259822666666681,5.515058745036874,15.496024207168215,False,50.01705,0.7870500000000007,61.18431333333332,11.954313333333324,49.49705000000003,0.2670500000000331,60.208266666666674,10.978266666666677,56.54243333333336,7.312433333333367,6.259822666666686
310,tramadol,tramadol,10.3109/03639045.2012.684390,66.01,62.70494999999997,3.305050000000037,57.31070233333331,8.699297666666691,5.776036640095136,1.5845057612860458,False,47.57995,18.43005000000001,61.53199999999995,4.478000000000058,57.02508333333332,8.984916666666685,58.781620000000004,7.228380000000001,61.634858333333305,4.3751416666667,-8.699297666666695
311,tramadol,tramadol,10.3109/03639045.2012.684390,62.82,61.40395,1.4160499999999985,55.91836900000003,6.901630999999978,5.430440337269012,1.9060242071682125,False,46.755750000000006,16.064249999999994,59.25663333333334,3.56336666666666,56.09218333333338,6.7278166666666195,56.89072000000004,5.929279999999963,60.59655833333335,2.223441666666652,-6.901630999999973
312,tramadol,tramadol,10.3109/03639045.2012.684390,61.32,61.665749999999996,0.34574999999999534,55.442259000000014,5.8777409999999914,5.321964631469595,3.4060242071682127,False,46.48785000000001,14.832149999999992,58.973883333333326,2.346116666666674,55.05028333333335,6.269716666666653,57.011720000000025,4.308279999999975,59.687558333333335,1.632441666666665,-5.877740999999986
313,tramadol,tramadol,10.3109/03639045.2012.684390,74.05,70.07369999999997,3.9763000000000233,63.73260000000001,10.317399999999981,7.981670643374451,9.323975792831785,False,50.699050000000014,23.350949999999983,71.83120000000001,2.2187999999999874,62.64785000000003,11.40214999999997,66.93276666666668,7.117233333333317,66.55213333333334,7.497866666666653,-10.317399999999985
314,tramadol,tramadol,10.3109/03639045.2012.684390,71.42,68.00919999999998,3.410800000000023,61.956399999999974,9.463600000000024,7.103989562807075,6.693975792831789,False,50.106650000000016,21.313349999999986,68.62329999999996,2.796700000000044,61.443749999999994,9.976250000000007,64.29406666666665,7.12593333333335,65.31423333333326,6.105766666666739,-9.463600000000028
315,tramadol,tramadol,10.3109/03639045.2012.684390,68.85,68.07220000000001,0.777799999999985,61.356145000000005,7.493854999999987,7.317688976708912,4.123975792831781,False,49.58855000000001,19.261449999999982,68.57244999999999,0.27755000000000507,59.53322500000002,9.316774999999971,64.49516666666668,4.354833333333318,64.59133333333334,4.258666666666656,-7.493854999999989
316,methylene-blue,methylene-blue,10.1039/c5ra27386b,3.12,22.44266666666665,19.32266666666665,27.23406666666666,24.11406666666666,4.884451526797959,61.73621500006426,False,23.933249999999994,20.813249999999993,31.103200000000005,27.983200000000004,26.38109999999999,23.26109999999999,21.511333333333322,18.39133333333332,33.24144999999999,30.121449999999992,24.11406666666666
317,xanthone,xanthone,10.1016/j.ejpb.2004.09.002,33.0,54.91311666666667,21.913116666666667,50.03121252380952,17.031212523809522,8.933727670068453,31.815004224136942,False,57.30839666666666,24.30839666666666,47.58382309523809,14.583823095238088,36.250942857142874,3.2509428571428742,58.401799999999994,25.401799999999994,50.611099999999986,17.611099999999986,17.031212523809522
318,3-methoxyxanthone,3-methoxyxanthone,10.1016/j.ejpb.2004.09.002,41.5,26.534250000000007,14.965749999999993,28.358578333333345,19.202501666666656,9.676308478315164,23.64675699121991,False,15.727400000000006,25.772599999999994,56.6527,15.152700000000003,37.32089166666668,4.179108333333318,18.400800000000014,23.099199999999986,13.691100000000006,27.808899999999994,-13.141421666666655
319,dexibuprofen,dexibuprofen,10.3390/nano10040720,93.4,66.21075666666665,27.18924333333335,38.33634066666668,55.06365933333334,18.14083153473714,29.98236319107001,False,20.183650000000007,73.21635,59.80840000000001,33.59159999999999,18.93160000000001,74.4684,43.22656666666668,50.17343333333333,49.53148666666666,43.86851333333335,-55.06365933333333
320,dexibuprofen,dexibuprofen,10.3390/nano10040720,87.5,65.80329999999998,21.69670000000002,37.92002866666667,49.57997133333333,17.798541926369257,24.082363191070005,False,20.059025000000005,67.440975,58.703645000000016,28.796354999999984,18.93160000000001,68.5684,42.30858666666667,45.19141333333333,49.59728666666666,37.90271333333334,-49.57997133333333
321,dexibuprofen,dexibuprofen,10.3390/nano10040720,85.1,62.741156666666654,22.35884333333334,37.83144333333334,47.26855666666666,19.130136925724575,21.68236319107,False,20.699275000000004,64.400725,56.961588333333346,28.13841166666665,15.712100000000005,69.38789999999999,40.38630000000001,44.71369999999998,55.39795333333333,29.702046666666668,-47.268556666666655
322,isoniazid,isoniazid,10.1080/01932691.2011.616128,10.0,27.99474,17.99474,15.281839999999994,5.281839999999994,2.7606488626770345,53.942222087929146,False,17.14079999999999,7.140799999999992,14.462699999999986,4.462699999999986,10.879599999999996,0.8795999999999964,16.148999999999994,6.148999999999994,17.7771,7.777100000000001,5.281839999999994
323,garcinol,garcinol,10.1038/s41598-017-00696-6,53.43,47.40089999999999,6.029100000000007,48.02295600000001,6.661584,5.437607483492162,11.002723085328292,False,52.37103000000001,1.058969999999988,48.359700000000004,5.070299999999996,38.718900000000005,14.711099999999995,44.098800000000004,9.331199999999995,56.56635000000003,3.1363500000000286,-5.407043999999992
324,garcinol,garcinol,10.1038/s41598-017-00696-6,88.32,56.5785638888889,31.741436111111092,52.324781269841274,35.99521873015872,8.899949611258565,23.887276914671702,False,58.45264999999998,29.867350000000016,52.84438095238097,35.47561904761902,41.85629761904764,46.463702380952355,45.2317777777778,43.08822222222219,63.2388,25.081199999999995,-35.99521873015872
325,garcinol,garcinol,10.1038/s41598-017-00696-6,60.61,56.868966666666694,3.7410333333333057,53.61433000000004,10.813030000000003,7.408002388599741,3.822723085328292,False,62.37920000000004,1.7692000000000405,52.646650000000015,7.963349999999984,40.22360000000004,20.38639999999996,44.43800000000003,16.17199999999997,68.38420000000006,7.774200000000064,-6.995669999999961
326,acetylpuerarin,acetylpuerarin,10.1111/jphp.12481,90.51,74.71824166666669,15.79175833333332,72.53108928571429,17.978910714285718,3.467510051276122,26.357348699415763,False,75.36150119047622,15.148498809523787,72.91936190476191,17.59063809523809,74.60324166666665,15.906758333333357,73.17521666666669,17.33478333333332,66.59612499999997,23.913875000000033,-17.978910714285718
327,paeonol,paeonol,10.1016/j.ijpharm.2021.120617,86.26,36.28295333333334,49.977046666666666,31.65169852380952,54.608301476190476,14.391118889375136,22.437037735003177,False,25.298899999999993,60.961100000000016,35.64939095238095,50.61060904761906,9.877283333333327,76.38271666666668,41.86773500000001,44.392264999999995,45.56518333333335,40.694816666666654,-54.60830147619048
328,tretinoin,tretinoin,10.1166/jnn.2006.401,98.8,30.041233333333363,68.75876666666663,44.41209000000001,54.38790999999999,17.12088937176518,33.32317331973162,False,31.772800000000014,67.02719999999998,32.24570000000001,66.55429999999998,32.00940000000002,66.79059999999998,59.961066666666675,38.83893333333332,66.07148333333333,32.728516666666664,-54.387909999999984
329,tetrandrine,tetrandrine,10.3109/02652048.2016.1156175,63.72,53.746899999999975,9.973100000000024,55.648863809523775,8.071136190476222,1.8141001563059396,1.9657578183044635,False,56.67740238095235,7.042597619047648,53.98699999999998,9.733000000000018,56.88302499999995,6.836975000000052,57.30299166666663,6.417008333333371,53.393899999999974,10.326100000000025,-8.071136190476224
330,cefpodoxime-proxetil,cefpodoxime-proxetil,10.1016/j.jddst.2020.102145,40.0,70.5461166666667,30.546116666666705,69.04577616666666,29.045776166666656,1.5553947414575073,24.938107596207544,False,70.27283357142854,30.272833571428535,66.82049833333329,26.82049833333329,69.43897892857143,29.43897892857143,70.54866999999999,30.548669999999987,68.14790000000002,28.14790000000002,29.045776166666656
331,cefpodoxime-proxetil,cefpodoxime-proxetil,10.1016/j.jddst.2020.102145,30.0,67.21580000000003,37.21580000000003,69.3006037142857,39.30060371428571,2.350444664523933,34.938107596207544,False,69.10256666666665,39.10256666666665,66.29749523809522,36.29749523809522,70.23165333333333,40.23165333333333,72.626195,42.626194999999996,68.24510833333335,38.24510833333335,39.3006037142857
332,paclitaxel,paclitaxel,10.1016/S0168-3659(02)00212-2,82.73,56.232595000000046,26.497404999999958,56.77974466666667,25.950255333333324,4.3461827392664585,17.774489144308806,False,63.46602999999999,19.263970000000015,58.54056333333336,24.189436666666644,52.68711666666668,30.04288333333332,53.73073000000002,28.99926999999998,55.47428333333334,27.255716666666665,-25.95025533333333
333,paclitaxel,paclitaxel,10.1016/S0168-3659(02)00212-2,81.82,55.39867500000005,26.421324999999946,53.338742,28.481257999999986,5.710484678197253,16.864489144308795,False,62.145430000000005,19.67456999999999,54.51391666666669,27.306083333333305,50.69393333333333,31.126066666666667,52.635730000000024,29.18426999999997,46.7047,35.11529999999999,-28.48125799999999
334,paclitaxel,paclitaxel,10.1016/S0168-3659(02)00212-2,81.82,61.374799999999986,20.445200000000007,64.31181666666666,17.508183333333328,6.505224207522672,16.864489144308795,False,68.71153333333334,13.108466666666658,72.58915,9.23084999999999,64.1699,17.650099999999995,56.85784999999998,24.962150000000015,59.230650000000004,22.58934999999999,-17.508183333333335
335,capecitabine,capecitabine,PMC4694531,88.4,70.28927249999997,18.11072750000004,61.267035999999976,27.132964000000033,5.5181467681407685,23.528536136408682,False,58.62205666666665,29.777943333333354,63.50959499999998,24.890405000000023,53.87375166666665,34.526248333333356,61.64866666666663,26.751333333333378,68.68110999999996,19.718890000000044,-27.13296400000003
336,flurbiprofen,flurbiprofen,10.1016/j.colsurfb.2009.03.028,76.37,84.25530000000002,7.885300000000015,44.23113600000001,32.138864,24.13842410234624,12.527961948098824,False,22.00070000000001,54.369299999999996,62.994350000000004,13.37565,14.102000000000016,62.26799999999999,58.551300000000026,17.81869999999998,63.50733,12.862670000000001,-32.138864
337,flurbiprofen,flurbiprofen,10.1016/j.colsurfb.2009.03.028,97.75,84.25530000000002,13.49469999999998,44.23113600000001,53.518863999999986,24.13842410234624,33.907961948098816,False,22.00070000000001,75.74929999999999,62.994350000000004,34.755649999999996,14.102000000000016,83.64799999999998,58.551300000000026,39.198699999999974,63.50733,34.24267,-53.51886399999999
338,flurbiprofen,flurbiprofen,10.1016/j.colsurfb.2009.03.028,77.36,83.48560000000006,6.1256000000000626,44.00752600000001,33.35247399999999,23.924097429200543,13.517961948098819,False,22.05710000000001,55.302899999999994,62.61585,14.744149999999998,14.102000000000016,63.25799999999998,57.95590000000003,19.40409999999997,63.30678000000001,14.053219999999989,-33.35247399999999
339,flurbiprofen,flurbiprofen,10.1016/j.colsurfb.2009.03.028,87.11,83.48560000000006,3.6243999999999374,44.00752600000001,43.10247399999999,23.924097429200543,23.26796194809882,False,22.05710000000001,65.0529,62.61585,24.494149999999998,14.102000000000016,73.00799999999998,57.95590000000003,29.15409999999997,63.30678000000001,23.80321999999999,-43.10247399999999
340,flurbiprofen,flurbiprofen,10.1016/j.colsurfb.2009.03.028,52.68,74.34740000000004,21.667400000000036,41.56598266666667,16.910862666666656,16.88383338010216,11.162038051901181,False,21.195800000000013,31.484199999999987,60.08195,7.401949999999999,14.102000000000016,38.57799999999998,53.912000000000006,1.2320000000000064,58.53816333333333,5.85816333333333,-11.11401733333333
341,flurbiprofen,flurbiprofen,10.1016/j.colsurfb.2009.03.028,77.75,74.34740000000004,3.402599999999964,41.56598266666667,36.18401733333333,22.093747942881606,13.90796194809882,False,21.195800000000013,56.55419999999999,60.08195,17.66805,14.102000000000016,63.64799999999998,53.912000000000006,23.837999999999994,58.53816333333333,19.21183666666667,-36.18401733333333
342,flurbiprofen,flurbiprofen,10.1016/j.colsurfb.2009.03.028,59.54,66.83509999999998,7.295099999999984,40.174246,19.431134000000004,20.81674671369855,4.3020380519011825,False,21.242900000000013,38.297099999999986,59.70345,0.16344999999999743,14.102000000000016,45.43799999999998,51.9088,7.6312,53.914079999999956,5.625920000000043,-19.365754000000003
343,flurbiprofen,flurbiprofen,10.1016/j.colsurfb.2009.03.028,74.38,66.83509999999998,7.544900000000013,40.174246,34.205754,20.892764762330504,10.537961948098815,False,21.242900000000013,53.13709999999998,59.70345,14.676549999999999,14.102000000000016,60.27799999999998,51.9088,22.471199999999996,53.914079999999956,20.46592000000004,-34.205754
344,flurbiprofen,flurbiprofen,10.1016/j.colsurfb.2009.03.028,85.18,70.54295999999998,14.637040000000027,40.20458599999999,44.97541400000001,20.907698999674242,21.337961948098826,False,21.262700000000013,63.9173,59.83624999999999,25.343750000000014,14.102000000000016,71.07799999999999,52.711200000000005,32.4688,53.11077999999995,32.06922000000006,-44.975414000000015
345,flurbiprofen,flurbiprofen,10.1016/j.colsurfb.2009.03.028,38.46,70.54295999999998,32.08295999999998,40.20458599999999,18.366705999999983,4.389361142259775,25.38203805190118,False,21.262700000000013,17.197299999999988,59.83624999999999,21.37624999999999,14.102000000000016,24.357999999999983,52.711200000000005,14.251200000000004,53.11077999999995,14.650779999999948,1.744585999999991
346,flurbiprofen,flurbiprofen,10.1016/j.colsurfb.2009.03.028,66.69,69.98829999999998,3.2982999999999834,40.45926599999999,26.230734000000005,21.06145976428935,2.8764919165530727,False,21.41140000000001,45.27859999999998,59.70345,6.986550000000001,14.102000000000016,52.58799999999998,52.077299999999994,14.612700000000004,55.00217999999995,11.687820000000045,-26.230734000000005
347,flurbiprofen,flurbiprofen,10.1016/j.colsurfb.2009.03.028,63.76,75.0677,11.307700000000004,43.04836266666668,20.711637333333325,22.61008588113503,1.4300819782207796,False,23.18560000000001,40.57439999999998,62.1964,1.563600000000001,14.146600000000017,49.613399999999984,55.6422,8.117799999999995,60.07101333333332,3.688986666666679,-20.71163733333332
348,flurbiprofen,flurbiprofen,10.1016/j.colsurfb.2009.03.028,65.34,76.21010000000001,10.870100000000008,40.720326,24.619674000000003,21.31415658816645,2.066491916553076,False,21.441800000000015,43.89819999999999,56.86624999999998,8.473750000000024,14.102000000000016,51.237999999999985,51.4893,13.850700000000003,59.70227999999998,5.637720000000023,-24.619674000000003
349,flurbiprofen,flurbiprofen,10.1016/j.colsurfb.2009.03.028,82.52,83.35680000000004,0.8368000000000393,44.09992600000002,38.420073999999985,24.013285728589494,18.677961948098815,False,22.01250000000001,60.507499999999986,62.74865,19.771349999999998,14.102000000000016,68.41799999999998,58.364400000000025,24.15559999999997,63.27208,19.247919999999993,-38.42007399999998
350,flurbiprofen,flurbiprofen,10.1016/j.colsurfb.2009.03.028,68.22,70.54295999999998,2.3229599999999806,40.20458599999999,28.015414000000003,20.907698999674242,4.377961948098817,False,21.262700000000013,46.95729999999999,59.83624999999999,8.383750000000006,14.102000000000016,54.11799999999998,52.711200000000005,15.508799999999994,53.11077999999995,15.10922000000005,-28.015414000000007
351,flurbiprofen,flurbiprofen,10.1016/j.colsurfb.2009.03.028,64.94,70.54295999999998,5.602959999999982,40.20458599999999,24.735414000000002,20.907698999674242,1.8264919165530729,False,21.262700000000013,43.67729999999999,59.83624999999999,5.103750000000005,14.102000000000016,50.83799999999998,52.711200000000005,12.228799999999993,53.11077999999995,11.82922000000005,-24.735414000000006
352,flurbiprofen,flurbiprofen,10.1016/j.colsurfb.2009.03.028,94.6,64.11229999999998,30.487700000000018,39.65071600000001,54.94928399999999,20.68139449037539,30.757961948098814,False,19.845800000000025,74.75419999999997,58.19134999999999,36.40865,14.76070000000002,79.83929999999998,55.311850000000014,39.28814999999998,50.14387999999998,44.45612000000001,-54.949283999999984
353,curcumin,curcumin,10.1007/s10965-020-02092-7,48.15,76.50554999999993,28.35554999999993,74.093163547619,25.943163547619008,7.022509098248627,16.093945149974235,False,83.51906666666665,35.36906666666665,69.26360999999996,21.11360999999996,75.00113749999993,26.85113749999993,77.21965357142854,29.06965357142854,65.46234999999996,17.31234999999996,25.943163547619
354,niclosamide,niclosamide,10.1007/s10965-020-02092-7,70.23,50.12757999999999,20.102420000000016,68.35387583333329,7.424230833333363,4.320887628652336,5.865865960346516,False,84.10026666666664,13.870266666666637,67.96225,2.2677500000000066,62.83129999999997,7.398700000000034,65.13189999999993,5.098100000000073,61.74366249999994,8.486337500000062,-1.8761241666667132
355,pranoprofen,pranoprofen,10.1002/jps.24101,87.69,54.90041285714284,32.78958714285716,49.999547333333325,37.69045266666668,19.703936914354667,24.254278975642553,False,60.74217999999999,26.947820000000007,63.88357999999998,23.806420000000017,16.3629,71.3271,48.47146000000001,39.21853999999999,60.537616666666636,27.15238333333336,-37.69045266666667
356,pranoprofen,pranoprofen,10.1002/jps.24101,90.26,57.845353333333314,32.41464666666669,48.989091523809506,41.27090847619049,19.376150181079332,26.824278975642564,False,57.80157166666665,32.45842833333335,62.21048999999998,28.049510000000026,15.94900000000001,74.31099999999999,47.52586499999998,42.73413500000002,61.45853095238092,28.801469047619086,-41.2709084761905
357,pranoprofen,pranoprofen,10.1002/jps.24101,82.57,54.26889285714284,28.301107142857155,49.24117085714285,33.32882914285714,18.950565450246398,19.134278975642548,False,58.69338333333333,23.876616666666663,62.44007999999999,20.129920000000006,16.2907,66.27929999999999,50.25754333333335,32.31245666666664,58.52414761904758,24.04585238095241,-33.328829142857145
358,pranoprofen,pranoprofen,10.1002/jps.24101,90.85,56.32898571428566,34.52101428571434,47.81250999999998,43.03749000000002,18.427755344263215,27.41427897564255,False,55.68078333333331,35.169216666666685,59.839599999999976,31.01040000000002,15.744800000000012,75.10519999999998,48.93143999999998,41.918560000000014,58.86592666666661,31.984073333333384,-43.03749000000001
359,pranoprofen,pranoprofen,10.1002/jps.24101,85.14,55.39379761904759,29.74620238095241,50.18088866666666,34.95911133333335,19.367403276134066,21.704278975642556,False,60.58083999999999,24.559160000000013,62.87065999999998,22.26934000000002,16.8146,68.3254,49.61466333333335,35.525336666666654,61.02367999999997,24.11632000000003,-34.95911133333334
360,pranoprofen,pranoprofen,10.1002/jps.24101,89.29,59.51458666666667,29.775413333333333,51.758226142857154,37.53177385714285,20.536453642463282,25.854278975642558,False,62.82437166666669,26.465628333333314,65.38346666666669,23.906533333333314,16.366900000000015,72.92309999999999,51.23084,38.059160000000006,62.98555238095238,26.30444761904763,-37.53177385714285
361,pranoprofen,pranoprofen,10.1002/jps.24101,89.93,54.7403976190476,35.18960238095241,49.430352190476185,40.49964780952382,18.65416648777325,26.494278975642562,False,58.52404333333334,31.40595666666667,61.47436,28.45564000000001,16.742399999999996,73.1876,51.400746666666684,38.52925333333332,59.01021095238091,30.919789047619098,-40.49964780952382
362,pranoprofen,pranoprofen,10.1002/jps.24101,89.01,57.879699999999985,31.13030000000002,50.737043333333325,38.27295666666667,19.720432938974167,25.57427897564256,False,60.799783333333316,28.21021666666669,63.55226666666667,25.457733333333337,16.21460000000001,72.7954,52.65434000000002,36.355659999999986,60.46422666666661,28.545773333333393,-38.27295666666668
363,pranoprofen,pranoprofen,10.1002/jps.24101,66.5,53.60183333333336,12.89816666666664,48.54911414285714,17.950885857142858,18.48709902127195,3.064278975642553,False,56.54009166666668,9.959908333333317,64.13496666666667,2.3650333333333293,16.68560000000001,49.81439999999999,50.37959000000001,16.120409999999993,55.00532238095236,11.494677619047643,-17.950885857142858
364,pranoprofen,pranoprofen,10.1002/jps.24101,49.79,52.20138095238096,2.4113809523809593,47.856562000000004,11.097322000000002,12.728007419743362,13.645721024357448,False,55.41226000000002,5.6222600000000185,62.09926,12.309260000000002,17.2131,32.576899999999995,50.40984666666668,0.6198466666666818,54.148343333333315,4.358343333333316,-1.9334379999999953
365,pranoprofen,pranoprofen,10.1002/jps.24101,80.02,54.86712333333335,25.152876666666643,48.67785576190478,31.342144238095216,18.906485438262795,16.58427897564255,False,57.3403166666667,22.679683333333294,66.03736666666668,13.982633333333311,16.837900000000012,63.182099999999984,48.21619,31.80381,54.957505476190484,25.062494523809512,-31.342144238095216
366,pranoprofen,pranoprofen,10.1002/jps.24101,62.05,52.61366261904764,9.43633738095236,47.85592061904761,14.772303380952376,17.37664211226631,1.7571216758232437,False,56.581076666666675,5.468923333333322,63.49555999999998,1.4455599999999862,17.2853,44.7647,48.04418,14.00582,53.873486428571404,8.176513571428593,-14.194079380952388
367,pranoprofen,pranoprofen,10.1002/jps.24101,45.54,50.62943333333332,5.089433333333318,45.17920414285713,11.368884142857128,11.246260344660485,17.89572102435745,False,50.01385833333334,4.4738583333333395,60.19289999999997,14.652899999999974,16.215800000000012,29.324199999999987,46.396489999999986,0.8564899999999867,53.07697238095235,7.536972380952349,-0.3607958571428682
368,pranoprofen,pranoprofen,10.1002/jps.24101,39.79,50.8437761904762,11.0537761904762,47.745100666666666,17.16654066666667,5.901055777593437,23.64572102435745,False,55.58160000000001,15.79160000000001,63.24768,23.457680000000003,16.7614,23.0286,49.928543333333344,10.138543333333345,53.20627999999998,13.416279999999979,7.955100666666667
369,pranoprofen,pranoprofen,10.1002/jps.24101,69.51,51.642489999999995,17.86751000000001,45.25309785714285,24.256902142857154,17.44482711439428,6.074278975642558,False,50.497375238095245,19.01262476190476,62.60198999999997,6.908010000000033,16.420000000000012,53.08999999999999,44.01499,25.495010000000008,52.73113404761902,16.778865952380983,-24.256902142857157
370,pranoprofen,pranoprofen,10.1002/jps.24101,72.74,51.25605785714287,21.483942142857124,47.75389928571428,24.986100714285712,18.37605067293847,9.304278975642548,False,56.750416666666666,15.989583333333329,64.69117999999999,8.048820000000006,16.8336,55.90639999999999,47.56287666666667,25.177123333333327,52.93142309523809,19.808576904761907,-24.986100714285712
371,pranoprofen,pranoprofen,10.1002/jps.24101,77.23,48.96445595238092,28.26554404761908,44.152267285714274,33.07773271428572,16.49937973856955,13.794278975642555,False,48.66079166666666,28.569208333333343,59.80859999999998,17.421400000000027,16.368100000000023,60.86189999999998,44.60903666666666,32.62096333333334,51.31480809523806,25.915191904761947,-33.07773271428573
372,pranoprofen,pranoprofen,10.1002/jps.24101,0.0,52.830117142857155,52.830117142857155,47.65480528571429,47.65480528571429,18.407737667301227,63.43572102435745,True,56.60549166666667,56.60549166666667,63.06706666666666,63.06706666666666,16.010450000000013,16.010450000000013,49.07605333333335,49.07605333333335,53.51496476190476,53.51496476190476,47.65480528571429
373,pranoprofen,pranoprofen,10.1002/jps.24101,80.29,54.58817619047619,25.701823809523816,50.005806809523804,30.284193190476195,19.202207930463135,16.85427897564256,False,60.110724999999974,20.179275000000032,63.801366666666674,16.488633333333333,16.35605000000001,63.933949999999996,53.73110666666668,26.558893333333323,56.02978571428569,24.26021428571432,-30.284193190476202
374,pranoprofen,pranoprofen,10.1002/jps.24101,80.34,57.05737888888889,23.282621111111112,51.234280166666665,29.105719833333335,18.81295450214383,16.90427897564256,False,61.43244999999999,18.907550000000015,67.12565249999997,13.21434750000003,19.05400000000001,61.285999999999994,52.69036166666669,27.649638333333314,55.86893666666668,24.471063333333326,-29.10571983333334
375,pranoprofen,pranoprofen,10.1002/jps.24101,77.15,53.734783809523826,23.41521619047618,49.596005285714284,27.553994714285714,19.055732935634254,13.71427897564256,False,59.97139166666666,17.178608333333344,63.95336666666667,13.196633333333338,16.42125000000001,60.72874999999999,52.69825333333334,24.451746666666665,54.93576476190476,22.21423523809525,-27.55399471428572
376,pranoprofen,pranoprofen,10.1002/jps.24101,68.48,52.830117142857155,15.649882857142849,47.65480528571429,20.825194714285715,18.407737667301227,5.044278975642557,False,56.60549166666667,11.874508333333331,63.06706666666666,5.412933333333342,16.010450000000013,52.46954999999999,49.07605333333335,19.403946666666656,53.51496476190476,14.965035238095247,-20.825194714285715
377,pranoprofen,pranoprofen,10.1002/jps.24101,58.7,56.74620952380954,1.9537904761904628,50.67158247619048,10.756254190476186,17.883782577234268,4.735721024357444,False,60.16682499999999,1.4668249999999858,64.05276666666667,5.352766666666668,16.100050000000014,42.59994999999999,55.35038166666668,3.349618333333325,57.687889047619045,1.012110952380958,-8.028417523809523
378,pranoprofen,pranoprofen,10.1002/jps.24101,86.39,57.67406952380953,28.715930476190472,51.841536809523824,34.548463190476184,20.550737771267663,22.954278975642556,False,64.33290500000004,22.05709499999996,63.23316666666667,23.15683333333333,15.629050000000012,70.76095,55.162390000000016,31.227609999999984,60.85017238095238,25.53982761904762,-34.54846319047618
379,pranoprofen,pranoprofen,10.1002/jps.24101,62.01,53.734783809523826,8.275216190476172,49.61026528571429,13.216841380952378,18.540082333896418,1.7811216758232433,False,59.97139166666666,2.038608333333336,64.05276666666667,2.0427666666666724,16.100050000000014,45.90994999999998,52.77605333333335,9.233946666666647,55.151064761904756,6.858935238095242,-12.399734714285707
380,pranoprofen,pranoprofen,10.1002/jps.24101,62.09,53.734783809523826,8.355216190476177,49.61026528571429,13.26484138095238,18.56431250881112,1.7331216758232402,False,59.97139166666666,2.1186083333333414,64.05276666666667,1.962766666666667,16.100050000000014,45.98994999999999,52.77605333333335,9.313946666666652,55.151064761904756,6.938935238095247,-12.479734714285712
381,efavirenz,efavirenz,10.1021/acsami.8b12214,85.9,54.62034126984131,31.279658730158694,58.82858300000002,27.071416999999986,3.834280499721173,20.536239872859035,False,56.14305000000003,29.756949999999975,65.21959833333331,20.680401666666697,59.4238666666667,26.47613333333331,57.435500000000054,28.46449999999995,55.92090000000002,29.97909999999999,-27.071416999999983
382,anastrozole,anastrozole,10.3109/02652048.2013.808280,41.21,68.98261666666667,27.77261666666667,68.40189499999995,27.191894999999967,4.757462044301774,24.14152733647787,False,72.39599166666659,31.185991666666588,67.16294999999998,25.95294999999998,62.76059999999997,21.550599999999967,65.5405,24.330499999999994,74.14943333333328,32.93943333333328,27.191894999999953
383,anastrozole,anastrozole,10.3109/02652048.2013.808280,37.61,68.65271666666666,31.042716666666664,69.59075499999997,31.980754999999967,4.535748846438935,27.741527336477873,False,72.4034916666666,34.7934916666666,71.08444999999999,33.47444999999999,62.972599999999964,25.362599999999965,67.16349999999998,29.553499999999985,74.32973333333328,36.71973333333328,31.980754999999974
384,anastrozole,anastrozole,10.3109/02652048.2013.808280,39.55,68.12693333333334,28.576933333333344,66.84301395238094,27.293013952380942,3.5152116541884246,25.801527336477875,False,68.50593166666663,28.95593166666663,68.99149166666666,29.441491666666664,60.94864166666666,21.398641666666663,66.28253809523811,26.732538095238112,69.48646666666663,29.936466666666632,27.293013952380946
385,anastrozole,anastrozole,10.3109/02652048.2013.808280,50.53,68.98261666666667,18.45261666666667,68.40189499999995,17.87189499999996,4.757462044301774,14.821527336477875,False,72.39599166666659,21.865991666666588,67.16294999999998,16.63294999999998,62.76059999999997,12.230599999999967,65.5405,15.010499999999993,74.14943333333328,23.619433333333276,17.871894999999952
386,anastrozole,anastrozole,10.3109/02652048.2013.808280,45.99,68.65271666666666,22.66271666666666,69.59075499999997,23.600754999999957,4.535748846438935,19.36152733647787,False,72.4034916666666,26.413491666666594,71.08444999999999,25.094449999999988,62.972599999999964,16.982599999999962,67.16349999999998,21.173499999999983,74.32973333333328,28.339733333333278,23.60075499999997
387,anastrozole,anastrozole,10.3109/02652048.2013.808280,47.87,68.12693333333334,20.256933333333343,66.84301395238094,18.97301395238094,3.5152116541884246,17.481527336477875,False,68.50593166666663,20.63593166666663,68.99149166666666,21.121491666666664,60.94864166666666,13.078641666666663,66.28253809523811,18.412538095238112,69.48646666666663,21.616466666666632,18.973013952380946
388,anastrozole,anastrozole,10.3109/02652048.2013.808280,56.75,68.98261666666667,12.232616666666672,68.40189499999995,11.651894999999962,4.757462044301774,8.601527336477874,False,72.39599166666659,15.645991666666589,67.16294999999998,10.41294999999998,62.76059999999997,6.010599999999968,65.5405,8.790499999999994,74.14943333333328,17.399433333333278,11.651894999999953
389,anastrozole,anastrozole,10.3109/02652048.2013.808280,53.26,68.65271666666666,15.392716666666665,69.59075499999997,16.330754999999964,4.535748846438935,12.091527336477876,False,72.4034916666666,19.1434916666666,71.08444999999999,17.82444999999999,62.972599999999964,9.712599999999966,67.16349999999998,13.903499999999987,74.32973333333328,21.069733333333282,16.330754999999975
390,anastrozole,anastrozole,10.3109/02652048.2013.808280,57.38,68.12693333333334,10.746933333333338,66.84301395238094,9.463013952380935,3.5152116541884246,7.971527336477871,False,68.50593166666663,11.125931666666624,68.99149166666666,11.611491666666659,60.94864166666666,3.5686416666666574,66.28253809523811,8.902538095238107,69.48646666666663,12.106466666666627,9.46301395238094
391,anastrozole,anastrozole,10.3109/02652048.2013.808280,43.29,63.959150000000015,20.669150000000016,62.01772333333334,18.727723333333348,3.381977319051168,22.061527336477877,False,66.4581666666667,23.1681666666667,61.53452500000001,18.24452500000001,58.41392499999998,15.123924999999979,59.31610000000001,16.026100000000014,64.36590000000004,21.07590000000004,18.727723333333344
392,anastrozole,anastrozole,10.3109/02652048.2013.808280,44.66,63.60655000000003,18.94655000000003,62.667823333333345,18.007823333333352,3.1440425381308845,20.69152733647788,False,66.6048666666667,21.944866666666698,63.76452500000001,19.104525000000017,58.62492499999998,13.964924999999987,60.44020000000001,15.780200000000015,63.90460000000004,19.24460000000004,18.00782333333335
393,anastrozole,anastrozole,10.3109/02652048.2013.808280,42.42,63.47825000000002,21.058250000000015,62.59963000000001,20.179630000000014,3.6521338743679133,22.93152733647787,False,66.08198333333335,23.661983333333353,64.39350000000002,21.973500000000016,56.86755000000001,14.447550000000007,61.239016666666686,18.819016666666684,64.41610000000001,21.996100000000013,20.17963000000001
394,anastrozole,anastrozole,10.3109/02652048.2013.808280,54.82,63.959150000000015,9.139150000000015,62.01772333333334,7.1977233333333475,3.381977319051168,10.531527336477874,False,66.4581666666667,11.638166666666699,61.53452500000001,6.714525000000009,58.41392499999998,3.5939249999999774,59.31610000000001,4.496100000000013,64.36590000000004,9.545900000000039,7.197723333333343
395,anastrozole,anastrozole,10.3109/02652048.2013.808280,48.66,63.60655000000003,14.94655000000003,62.667823333333345,14.007823333333352,3.1440425381308845,16.69152733647788,False,66.6048666666667,17.944866666666698,63.76452500000001,15.104525000000017,58.62492499999998,9.964924999999987,60.44020000000001,11.780200000000015,63.90460000000004,15.244600000000041,14.007823333333349
396,anastrozole,anastrozole,10.3109/02652048.2013.808280,52.66,63.47825000000002,10.81825000000002,62.59963000000001,9.939630000000019,3.6521338743679133,12.691527336477877,False,66.08198333333335,13.421983333333358,64.39350000000002,11.73350000000002,56.86755000000001,4.207550000000012,61.239016666666686,8.57901666666669,64.41610000000001,11.756100000000018,9.939630000000015
397,anastrozole,anastrozole,10.3109/02652048.2013.808280,58.52,63.959150000000015,5.439150000000012,62.01772333333334,3.540153333333355,3.32633419891449,6.831527336477871,False,66.4581666666667,7.938166666666696,61.53452500000001,3.014525000000006,58.41392499999998,0.10607500000002545,59.31610000000001,0.7961000000000098,64.36590000000004,5.845900000000036,3.49772333333334
398,anastrozole,anastrozole,10.3109/02652048.2013.808280,55.04,63.60655000000003,8.566550000000028,62.667823333333345,7.627823333333349,3.1440425381308845,10.311527336477875,False,66.6048666666667,11.564866666666695,63.76452500000001,8.724525000000014,58.62492499999998,3.584924999999984,60.44020000000001,5.400200000000012,63.90460000000004,8.864600000000038,7.627823333333346
399,anastrozole,anastrozole,10.3109/02652048.2013.808280,57.14,63.47825000000002,6.338250000000016,62.59963000000001,5.568610000000012,3.440313916244508,8.211527336477873,False,66.08198333333335,8.941983333333354,64.39350000000002,7.253500000000017,56.86755000000001,0.2724499999999921,61.239016666666686,4.099016666666685,64.41610000000001,7.276100000000014,5.459630000000011
400,anastrozole,anastrozole,10.3109/02652048.2013.808280,36.66,63.62305000000003,26.96305000000003,61.28352500000003,24.62352500000003,3.745693299004652,28.69152733647788,False,66.3963666666667,29.736366666666697,58.67426666666668,22.014266666666686,58.36312500000001,21.703125000000014,58.79416666666671,22.134166666666715,64.18970000000003,27.529700000000034,24.623525000000036
401,anastrozole,anastrozole,10.3109/02652048.2013.808280,43.18,63.27045000000004,20.09045000000004,61.948185000000024,18.768185000000035,3.276389313246878,22.171527336477872,False,66.5430666666667,23.363066666666704,61.49546666666669,18.315466666666687,58.60312500000002,15.42312500000002,59.300866666666714,16.120866666666714,63.798400000000036,20.618400000000037,18.768185000000024
402,anastrozole,anastrozole,10.3109/02652048.2013.808280,39.11,63.01335000000004,23.90335000000004,61.681763333333365,22.571763333333372,3.7105791421173926,26.241527336477873,False,66.27068333333337,27.160683333333367,60.99690000000004,21.88690000000004,56.731150000000035,17.621150000000036,60.144683333333376,21.034683333333376,64.26540000000003,25.15540000000003,22.571763333333365
403,anastrozole,anastrozole,10.3109/02652048.2013.808280,49.03,63.62305000000003,14.593050000000027,61.28352500000003,12.253525000000025,3.745693299004652,16.321527336477875,False,66.3963666666667,17.366366666666693,58.67426666666668,9.644266666666681,58.36312500000001,9.33312500000001,58.79416666666671,9.76416666666671,64.18970000000003,15.15970000000003,12.253525000000032
404,anastrozole,anastrozole,10.3109/02652048.2013.808280,52.53,63.27045000000004,10.740450000000038,61.948185000000024,9.418185000000031,3.276389313246878,12.821527336477875,False,66.5430666666667,14.013066666666703,61.49546666666669,8.965466666666686,58.60312500000002,6.073125000000019,59.300866666666714,6.770866666666713,63.798400000000036,11.268400000000035,9.418185000000022
405,anastrozole,anastrozole,10.3109/02652048.2013.808280,46.35,63.01335000000004,16.663350000000037,61.681763333333365,15.331763333333367,3.7105791421173926,19.001527336477874,False,66.27068333333337,19.920683333333365,60.99690000000004,14.646900000000038,56.731150000000035,10.381150000000034,60.144683333333376,13.794683333333374,64.26540000000003,17.915400000000027,15.331763333333363
406,anastrozole,anastrozole,10.3109/02652048.2013.808280,61.65,63.62305000000003,1.973050000000029,61.28352500000003,3.2809016666666637,0.8618024798754447,3.701527336477875,False,66.3963666666667,4.746366666666695,58.67426666666668,2.9757333333333165,58.36312500000001,3.286874999999988,58.79416666666671,2.855833333333287,64.18970000000003,2.539700000000032,-0.3664749999999657
407,anastrozole,anastrozole,10.3109/02652048.2013.808280,59.7,63.27045000000004,3.5704500000000365,61.948185000000024,2.846588333333338,2.6313143579593308,5.651527336477871,False,66.5430666666667,6.843066666666701,61.49546666666669,1.7954666666666839,58.60312500000002,1.096874999999983,59.300866666666714,0.39913333333328893,63.798400000000036,4.098400000000034,2.2481850000000208
408,anastrozole,anastrozole,10.3109/02652048.2013.808280,54.32,63.01335000000004,8.693350000000038,61.681763333333365,7.361763333333369,3.7105791421173926,11.031527336477874,False,66.27068333333337,11.950683333333366,60.99690000000004,6.676900000000039,56.731150000000035,2.4111500000000348,60.144683333333376,5.824683333333375,64.26540000000003,9.945400000000028,7.361763333333364
409,mometasone-furoate,mometasone-furoate,10.1021/acsomega.0c00111,90.0,51.16579999999999,38.83420000000001,46.35483333333336,43.64516666666664,4.639149270535013,24.7565154699338,False,48.79805,41.20195,51.872450000000036,38.127549999999964,42.500200000000035,47.499799999999965,40.669600000000024,49.330399999999976,47.93386666666669,42.06613333333331,-43.64516666666664
410,procaine_hydrochloride,procaine,10.1016/S0168-3659(98)00116-3,14.5,32.43365238095239,17.93365238095239,36.95813299999999,22.458132999999993,9.213813754680041,51.663501147231614,False,23.924066666666654,9.424066666666654,44.549473333333324,30.049473333333324,30.579166666666662,16.079166666666662,43.73347499999999,29.23347499999999,42.004483333333326,27.504483333333326,22.45813299999999
411,procaine_hydrochloride,procaine,10.1016/S0168-3659(98)00116-3,11.0,25.277800000000003,14.277800000000003,36.45783299999999,25.457832999999987,9.591752137831637,55.163501147231614,False,22.538866666666653,11.538866666666653,45.09047333333332,34.09047333333332,30.986833333333326,19.986833333333326,44.28137499999999,33.28137499999999,39.39161666666666,28.391616666666657,25.457832999999987
412,procaine_hydrochloride,procaine,10.1016/S0168-3659(98)00116-3,8.9,27.425500000000007,18.525500000000008,36.634546333333326,27.734546333333327,13.167503124278594,57.263501147231615,False,22.170599999999993,13.270599999999993,48.76227333333331,39.86227333333331,22.81073333333334,13.910733333333338,47.505075,38.605075,41.924049999999994,33.024049999999995,27.734546333333327
413,procaine_hydrochloride,procaine,10.1016/S0168-3659(98)00116-3,7.6,35.716719999999995,28.116719999999994,39.24869299999999,31.64869299999999,13.340123175701638,58.563501147231605,False,26.346899999999994,18.746899999999997,53.398561666666644,45.79856166666664,23.75373333333333,16.153733333333328,47.710019999999986,40.110019999999984,45.034249999999986,37.434249999999984,31.648692999999987
414,procaine_hydrochloride,procaine,10.1016/S0168-3659(98)00116-3,6.3,39.81385,33.513850000000005,42.807207777777776,36.50720777777777,14.841215383283883,59.86350114723162,False,29.726099999999995,23.426099999999995,58.75820555555554,52.458205555555544,25.017333333333337,18.717333333333336,53.98972499999997,47.689724999999974,46.544675,40.244675,36.50720777777778
415,procaine_hydrochloride,procaine,10.1016/S0168-3659(98)00116-3,62.0,32.041252380952386,29.958747619047614,36.925712999999995,25.074287000000005,9.219604523658512,4.163501147231608,False,23.924066666666654,38.075933333333346,44.697373333333324,17.302626666666676,30.469666666666658,31.530333333333342,43.316775,18.683225,42.22068333333333,19.779316666666674,-25.074287000000005
416,procaine_hydrochloride,procaine,10.1016/S0168-3659(98)00116-3,58.2,25.199900000000003,33.0001,36.568392999999986,21.631607000000013,9.718390884601105,7.9635011472316055,False,22.538866666666653,35.66113333333335,45.22837333333332,12.97162666666668,30.877333333333322,27.32266666666668,44.589574999999996,13.610425000000006,39.60781666666665,18.592183333333352,-21.631607000000017
417,procaine_hydrochloride,procaine,10.1016/S0168-3659(98)00116-3,44.7,27.347600000000007,17.352399999999996,36.82258633333332,10.957753,10.339322351072738,21.463501147231604,False,22.170599999999993,22.52940000000001,48.90017333333331,4.200173333333311,22.701233333333334,21.99876666666667,48.200675000000004,3.500675000000001,42.140249999999995,2.559750000000008,-7.877413666666683
418,procaine_hydrochloride,procaine,10.1016/S0168-3659(98)00116-3,37.7,36.08732,1.6126800000000046,39.18765299999999,11.693959666666661,3.012966659775716,28.463501147231604,False,26.346899999999994,11.353100000000008,52.86026166666666,15.160261666666656,23.537333333333333,14.16266666666667,47.70111999999999,10.001119999999986,45.49264999999998,7.7926499999999805,1.4876529999999875
419,procaine_hydrochloride,procaine,10.1016/S0168-3659(98)00116-3,28.3,40.108450000000005,11.808450000000004,42.31905277777777,15.346039444444438,12.582824933192262,37.86350114723162,False,29.627025,1.327024999999999,58.13170555555555,29.831705555555548,24.982533333333336,3.3174666666666646,52.20342499999998,23.90342499999998,46.65057499999999,18.35057499999999,14.01905277777777
420,procaine_dihydrate,procaine,10.1016/S0168-3659(98)00116-3,36.2,29.88805238095238,6.311947619047622,33.55244416666666,4.1471378333333435,4.427052689113773,29.963501147231604,False,24.64209999999998,11.557900000000021,31.73283249999999,4.467167500000013,35.23833333333332,0.9616666666666802,39.27784166666666,3.0778416666666573,36.87111333333335,0.671113333333345,-2.6475558333333424
421,procaine_dihydrate,procaine,10.1016/S0168-3659(98)00116-3,41.4,24.093699999999984,17.306300000000014,32.997944166666656,8.402055833333339,5.926434212683251,24.763501147231608,False,23.534499999999984,17.865500000000015,31.71283249999999,9.687167500000008,35.685999999999986,5.714000000000013,39.21574166666666,2.1842583333333394,34.84064666666668,6.55935333333332,-8.402055833333343
422,procaine_dihydrate,procaine,10.1016/S0168-3659(98)00116-3,44.1,27.15129999999999,16.948700000000013,34.330797499999996,9.76920250000001,6.375915242865142,22.06350114723161,False,26.201699999999978,17.898300000000024,35.1584825,8.941517500000003,30.31949999999999,13.78050000000001,42.794524999999986,1.3054750000000155,37.179780000000015,6.920219999999986,-9.769202500000006
423,procaine_dihydrate,procaine,10.1016/S0168-3659(98)00116-3,39.0,34.3043533333333,4.695646666666697,36.70649356349205,4.990673563492058,4.073705892780209,27.163501147231607,False,29.491999999999983,9.508000000000017,39.99259249999999,0.9925924999999935,30.86759999999999,8.132400000000011,44.75032531746028,5.75032531746028,38.42995000000001,0.5700499999999877,-2.293506436507947
424,procaine_dihydrate,procaine,10.1016/S0168-3659(98)00116-3,34.8,38.64425333333331,3.844253333333313,38.98500488888889,5.703827111111115,4.4501953873754845,31.363501147231613,False,34.21334444444444,0.5866555555555593,42.206591666666675,7.406591666666678,31.58959999999999,3.210400000000007,47.09530333333331,12.295303333333315,39.820185000000016,5.020185000000019,4.185004888888891
425,paclitaxel,paclitaxel,10.1016/j.colsurfb.2014.07.030,52.5,60.437041666666644,7.937041666666644,64.96039999999998,12.46039999999998,3.2178965534137736,12.455510855691198,False,68.01033333333332,15.510333333333321,66.35729999999995,13.857299999999952,63.396016666666675,10.896016666666675,60.08664999999996,7.586649999999963,66.95169999999999,14.451699999999988,12.460399999999979
426,levofloxacin,levofloxacin,10.1007/s11095-010-0142-6,15.0,66.14134833333331,51.14134833333331,66.86046850000002,51.860468500000025,4.722095228297207,49.439038383278685,False,62.87935,47.87935,61.48449166666666,46.48449166666666,71.11254666666667,56.112546666666674,66.83116250000003,51.83116250000003,71.99479166666673,56.99479166666673,51.860468500000025
427,oxcarbazepine,oxcarbazepine,10.2147/IJN.S77498,69.79,41.20201666666666,28.587983333333348,30.91427333333333,38.87572666666667,10.380439680807779,5.772600362977097,False,41.73619999999999,28.053800000000017,27.179400000000005,42.610600000000005,16.134300000000007,53.655699999999996,39.85546666666665,29.934533333333356,29.666,40.12400000000001,-38.87572666666668
428,oxcarbazepine,oxcarbazepine,10.2147/IJN.S77498,72.13,50.052569999999974,22.07743000000002,39.19322557142857,32.936774428571425,13.658493596967872,8.112600362977087,False,52.89816000000002,19.231839999999977,38.445967857142854,33.68403214285714,16.583200000000005,55.54679999999999,43.883399999999995,28.2466,44.1554,27.974599999999995,-32.936774428571425
429,kartogenin,kartogenin,10.1007/s10439-019-02430-x,62.0,63.49075000000002,1.4907500000000198,62.5874863809524,6.4355397142856985,2.242761508907801,3.7814634566532788,False,69.30598190476188,7.305981904761879,69.77128333333332,7.771283333333315,54.24020000000003,7.75979999999997,64.48030000000003,2.480300000000028,55.1396666666667,6.860333333333301,0.5874863809523987
430,cisplatin,cisplatin,10.1016/j.jsps.2021.07.001,45.13,63.046049999999994,17.91604999999999,62.339656333333345,17.20965633333334,8.44028585632918,20.17785701562109,False,62.86020000000002,17.730200000000018,72.20731,27.077310000000004,51.56117500000003,6.4311750000000245,56.57408,11.44408,68.49551666666665,23.365516666666643,17.209656333333342
431,rivaroxaban,rivaroxaban,10.1088/1361-6528/abd0b5,91.35,52.034586666666684,39.31541333333331,44.27874547619048,47.071254523809515,9.446101974488663,25.478752239672147,False,46.98905666666668,44.36094333333332,38.035570000000014,53.31442999999998,32.02553571428572,59.32446428571427,56.40564166666664,34.944358333333355,47.937923333333345,43.41207666666665,-47.071254523809515
432,dexamethasone,dexamethasone,10.1139/cjpp-2017-0795,34.57,40.33235714285717,5.762357142857169,45.00196000000002,10.431960000000016,5.389416489101576,29.46855024941699,False,42.98980000000003,8.41980000000003,45.30090000000003,10.730900000000027,43.05550000000001,8.485500000000009,39.70580000000001,5.13580000000001,53.957800000000006,19.387800000000006,10.431960000000018
