row_id,small_molecule_name,drug_key,drug_group,reference,surfactant_name,solvent,EE_is_zero,EE,mol_MW,mol_logP,mol_TPSA,mol_melting_point,mol_Hacceptors,mol_Hdonors,mol_heteroatoms,polymer_MW,drug/polymer,surfactant_concentration,aqueous/organic,surfactant_HLB,solvent_polarity_index,pH_-1,pH_0,pH_1,pH_missing,LAGA_1,LAGA_1.86,LAGA_2.33,LAGA_3,LAGA_5.67
0,sparfloxacin,sparfloxacin,sparfloxacin,10.1016/j.nano.2009.10.004,PVA,acetone,False,25.18,0.15635645879954835,-0.6803134906845477,0.5091130273896574,1.7031069889728383,0.5370260769713147,1.1067016460012287,0.9082968122729463,-0.6484813663703282,5.978259191800133,1.2472822341929806,-0.07560095358433751,-0.12216273697564192,-0.23051884107549298,0.0,1.0,0.0,0.0,1.0,0.0,0.0,0.0,0.0
1,sparfloxacin,sparfloxacin,sparfloxacin,10.1016/j.nano.2009.10.004,PVA,acetone,False,44.83,0.15635645879954835,-0.6803134906845477,0.5091130273896574,1.7031069889728383,0.5370260769713147,1.1067016460012287,0.9082968122729463,-0.6484813663703282,2.4190818145757853,1.2472822341929806,-0.07560095358433751,-0.12216273697564192,-0.23051884107549298,0.0,1.0,0.0,0.0,1.0,0.0,0.0,0.0,0.0
2,sparfloxacin,sparfloxacin,sparfloxacin,10.1016/j.nano.2009.10.004,PVA,acetone,False,51.83,0.15635645879954835,-0.6803134906845477,0.5091130273896574,1.7031069889728383,0.5370260769713147,1.1067016460012287,0.9082968122729463,-0.6484813663703282,0.2835753882411772,1.2472822341929806,-0.07560095358433751,-0.12216273697564192,-0.23051884107549298,0.0,1.0,0.0,0.0,1.0,0.0,0.0,0.0,0.0
3,sparfloxacin,sparfloxacin,sparfloxacin,10.1016/j.nano.2009.10.004,PVA,acetone,False,86.6,0.15635645879954835,-0.6803134906845477,0.5091130273896574,1.7031069889728383,0.5370260769713147,1.1067016460012287,0.9082968122729463,-0.6484813663703282,-0.42826008720369235,1.2472822341929806,-0.07560095358433751,-0.12216273697564192,-0.23051884107549298,0.0,1.0,0.0,0.0,1.0,0.0,0.0,0.0,0.0
4,sparfloxacin,sparfloxacin,sparfloxacin,10.1016/j.nano.2009.10.004,PVA,acetone,False,60.6,0.15635645879954835,-0.6803134906845477,0.5091130273896574,1.7031069889728383,0.5370260769713147,1.1067016460012287,0.9082968122729463,-0.6484813663703282,-0.7841778249261271,1.2472822341929806,-0.07560095358433751,-0.12216273697564192,-0.23051884107549298,0.0,1.0,0.0,0.0,1.0,0.0,0.0,0.0,0.0
5,diazepam,diazepam,diazepam,10.1208/s12249-015-0294-0,poloxamer407,acetone,False,82.0,-0.5275660240299075,0.07544437942666364,-1.0306721986113907,-0.5758981167766616,-0.8457356781045259,-1.14510454223471,-0.7056190111872477,0.43551135711395467,-0.9336632747695497,-1.0453350514635897,-0.07560095358433751,0.17071179970771083,-0.23051884107549298,0.0,1.0,0.0,0.0,1.0,0.0,0.0,0.0,0.0
6,diazepam,diazepam,diazepam,10.1208/s12249-015-0294-0,poloxamer407,acetone,False,88.0,-0.5275660240299075,0.07544437942666364,-1.0306721986113907,-0.5758981167766616,-0.8457356781045259,-1.14510454223471,-0.7056190111872477,0.43551135711395467,-0.1221708327623986,-1.0453350514635897,-0.07560095358433751,0.17071179970771083,-0.23051884107549298,0.0,1.0,0.0,0.0,1.0,0.0,0.0,0.0,0.0
7,diazepam,diazepam,diazepam,10.1208/s12249-015-0294-0,poloxamer407,acetone,False,77.0,-0.5275660240299075,0.07544437942666364,-1.0306721986113907,-0.5758981167766616,-0.8457356781045259,-1.14510454223471,-0.7056190111872477,0.43551135711395467,0.9954108636860465,0.10097359136469539,0.30843224241406964,0.17071179970771083,-0.23051884107549298,0.0,1.0,0.0,0.0,1.0,0.0,0.0,0.0,0.0
8,diazepam,diazepam,diazepam,10.1208/s12249-015-0294-0,poloxamer407,acetone,False,81.0,-0.5275660240299075,0.07544437942666364,-1.0306721986113907,-0.5758981167766616,-0.8457356781045259,-1.14510454223471,-0.7056190111872477,0.43551135711395467,-0.9336632747695497,0.10097359136469539,-0.4596341495827446,0.17071179970771083,-0.23051884107549298,0.0,1.0,0.0,0.0,1.0,0.0,0.0,0.0,0.0
9,diazepam,diazepam,diazepam,10.1208/s12249-015-0294-0,poloxamer407,acetone,False,82.0,-0.5275660240299075,0.07544437942666364,-1.0306721986113907,-0.5758981167766616,-0.8457356781045259,-1.14510454223471,-0.7056190111872477,0.43551135711395467,0.9954108636860465,-1.0453350514635897,-0.07560095358433751,0.17071179970771083,-0.23051884107549298,0.0,1.0,0.0,0.0,1.0,0.0,0.0,0.0,0.0
10,diazepam,diazepam,diazepam,10.1208/s12249-015-0294-0,poloxamer407,acetone,False,84.0,-0.5275660240299075,0.07544437942666364,-1.0306721986113907,-0.5758981167766616,-0.8457356781045259,-1.14510454223471,-0.7056190111872477,0.43551135711395467,2.4190818145757853,0.10097359136469539,-0.07560095358433751,0.17071179970771083,-0.23051884107549298,0.0,1.0,0.0,0.0,1.0,0.0,0.0,0.0,0.0
11,diazepam,diazepam,diazepam,10.1208/s12249-015-0294-0,poloxamer407,acetone,False,82.0,-0.5275660240299075,0.07544437942666364,-1.0306721986113907,-0.5758981167766616,-0.8457356781045259,-1.14510454223471,-0.7056190111872477,0.43551135711395467,0.9954108636860465,0.10097359136469539,-0.4596341495827446,0.17071179970771083,-0.23051884107549298,0.0,1.0,0.0,0.0,1.0,0.0,0.0,0.0,0.0
12,diazepam,diazepam,diazepam,10.1208/s12249-015-0294-0,poloxamer407,acetone,False,84.0,-0.5275660240299075,0.07544437942666364,-1.0306721986113907,-0.5758981167766616,-0.8457356781045259,-1.14510454223471,-0.7056190111872477,0.43551135711395467,-0.5279170537659742,0.10097359136469539,-0.07560095358433751,0.17071179970771083,-0.23051884107549298,0.0,1.0,0.0,0.0,1.0,0.0,0.0,0.0,0.0
13,diazepam,diazepam,diazepam,10.1208/s12249-015-0294-0,poloxamer407,acetone,False,87.0,-0.5275660240299075,0.07544437942666364,-1.0306721986113907,-0.5758981167766616,-0.8457356781045259,-1.14510454223471,-0.7056190111872477,0.43551135711395467,-1.0190835318229339,0.10097359136469539,-0.07560095358433751,0.17071179970771083,-0.23051884107549298,0.0,1.0,0.0,0.0,1.0,0.0,0.0,0.0,0.0
14,diazepam,diazepam,diazepam,10.1208/s12249-015-0294-0,poloxamer407,acetone,False,86.0,-0.5275660240299075,0.07544437942666364,-1.0306721986113907,-0.5758981167766616,-0.8457356781045259,-1.14510454223471,-0.7056190111872477,0.43551135711395467,-0.1221708327623986,1.2472822341929806,-0.07560095358433751,0.17071179970771083,-0.23051884107549298,0.0,1.0,0.0,0.0,1.0,0.0,0.0,0.0,0.0
15,diazepam,diazepam,diazepam,10.1208/s12249-015-0294-0,poloxamer407,acetone,False,79.0,-0.5275660240299075,0.07544437942666364,-1.0306721986113907,-0.5758981167766616,-0.8457356781045259,-1.14510454223471,-0.7056190111872477,0.43551135711395467,0.9954108636860465,1.2472822341929806,-0.07560095358433751,0.17071179970771083,-0.23051884107549298,0.0,1.0,0.0,0.0,1.0,0.0,0.0,0.0,0.0
16,diazepam,diazepam,diazepam,10.1208/s12249-015-0294-0,poloxamer407,acetone,False,92.0,-0.5275660240299075,0.07544437942666364,-1.0306721986113907,-0.5758981167766616,-0.8457356781045259,-1.14510454223471,-0.7056190111872477,0.43551135711395467,-0.7841778249261271,-1.0453350514635897,-0.07560095358433751,0.17071179970771083,-0.23051884107549298,0.0,1.0,0.0,0.0,1.0,0.0,0.0,0.0,0.0
17,diazepam,diazepam,diazepam,10.1208/s12249-015-0294-0,poloxamer407,acetone,False,85.0,-0.5275660240299075,0.07544437942666364,-1.0306721986113907,-0.5758981167766616,-0.8457356781045259,-1.14510454223471,-0.7056190111872477,0.43551135711395467,-0.5279170537659742,1.2472822341929806,0.30843224241406964,0.17071179970771083,-0.23051884107549298,0.0,1.0,0.0,0.0,1.0,0.0,0.0,0.0,0.0
18,diazepam,diazepam,diazepam,10.1208/s12249-015-0294-0,poloxamer407,acetone,False,86.0,-0.5275660240299075,0.07544437942666364,-1.0306721986113907,-0.5758981167766616,-0.8457356781045259,-1.14510454223471,-0.7056190111872477,0.43551135711395467,-0.7841778249261271,1.2472822341929806,-0.07560095358433751,0.17071179970771083,-0.23051884107549298,0.0,1.0,0.0,0.0,1.0,0.0,0.0,0.0,0.0
19,diazepam,diazepam,diazepam,10.1208/s12249-015-0294-0,poloxamer407,acetone,False,88.0,-0.5275660240299075,0.07544437942666364,-1.0306721986113907,-0.5758981167766616,-0.8457356781045259,-1.14510454223471,-0.7056190111872477,0.43551135711395467,-0.7841778249261271,0.10097359136469539,-0.4596341495827446,0.17071179970771083,-0.23051884107549298,0.0,1.0,0.0,0.0,1.0,0.0,0.0,0.0,0.0
20,diazepam,diazepam,diazepam,10.1208/s12249-015-0294-0,poloxamer407,acetone,False,76.0,-0.5275660240299075,0.07544437942666364,-1.0306721986113907,-0.5758981167766616,-0.8457356781045259,-1.14510454223471,-0.7056190111872477,0.43551135711395467,-0.9336632747695497,1.2472822341929806,-0.07560095358433751,0.17071179970771083,-0.23051884107549298,0.0,1.0,0.0,0.0,1.0,0.0,0.0,0.0,0.0
21,diazepam,diazepam,diazepam,10.1208/s12249-015-0294-0,poloxamer407,acetone,False,89.0,-0.5275660240299075,0.07544437942666364,-1.0306721986113907,-0.5758981167766616,-0.8457356781045259,-1.14510454223471,-0.7056190111872477,0.43551135711395467,-0.5279170537659742,-1.0453350514635897,-0.4596341495827446,0.17071179970771083,-0.23051884107549298,0.0,1.0,0.0,0.0,1.0,0.0,0.0,0.0,0.0
22,diazepam,diazepam,diazepam,10.1208/s12249-015-0294-0,poloxamer407,acetone,False,92.0,-0.5275660240299075,0.07544437942666364,-1.0306721986113907,-0.5758981167766616,-0.8457356781045259,-1.14510454223471,-0.7056190111872477,0.43551135711395467,-0.5492721180293202,0.10097359136469539,-0.07560095358433751,0.17071179970771083,-0.23051884107549298,0.0,1.0,0.0,0.0,1.0,0.0,0.0,0.0,0.0
23,diazepam,diazepam,diazepam,10.1208/s12249-015-0294-0,poloxamer407,acetone,False,87.0,-0.5275660240299075,0.07544437942666364,-1.0306721986113907,-0.5758981167766616,-0.8457356781045259,-1.14510454223471,-0.7056190111872477,0.43551135711395467,-0.1221708327623986,0.10097359136469539,-0.4596341495827446,0.17071179970771083,-0.23051884107549298,0.0,1.0,0.0,0.0,1.0,0.0,0.0,0.0,0.0
24,diazepam,diazepam,diazepam,10.1208/s12249-015-0294-0,poloxamer407,acetone,False,69.0,-0.5275660240299075,0.07544437942666364,-1.0306721986113907,-0.5758981167766616,-0.8457356781045259,-1.14510454223471,-0.7056190111872477,0.43551135711395467,-0.42826008720369235,0.10097359136469539,-0.07560095358433751,0.17071179970771083,-0.23051884107549298,0.0,1.0,0.0,0.0,1.0,0.0,0.0,0.0,0.0
25,diazepam,diazepam,diazepam,10.1208/s12249-015-0294-0,poloxamer407,acetone,False,73.0,-0.5275660240299075,0.07544437942666364,-1.0306721986113907,-0.5758981167766616,-0.8457356781045259,-1.14510454223471,-0.7056190111872477,0.43551135711395467,-0.9336632747695497,0.10097359136469539,0.30843224241406964,0.17071179970771083,-0.23051884107549298,0.0,1.0,0.0,0.0,1.0,0.0,0.0,0.0,0.0
26,diazepam,diazepam,diazepam,10.1208/s12249-015-0294-0,poloxamer407,acetone,False,91.0,-0.5275660240299075,0.07544437942666364,-1.0306721986113907,-0.5758981167766616,-0.8457356781045259,-1.14510454223471,-0.7056190111872477,0.43551135711395467,-0.5279170537659742,-1.0453350514635897,0.30843224241406964,0.17071179970771083,-0.23051884107549298,0.0,1.0,0.0,0.0,1.0,0.0,0.0,0.0,0.0
27,diazepam,diazepam,diazepam,10.1208/s12249-015-0294-0,poloxamer407,acetone,False,89.0,-0.5275660240299075,0.07544437942666364,-1.0306721986113907,-0.5758981167766616,-0.8457356781045259,-1.14510454223471,-0.7056190111872477,0.43551135711395467,-0.1221708327623986,0.10097359136469539,0.30843224241406964,0.17071179970771083,-0.23051884107549298,0.0,1.0,0.0,0.0,1.0,0.0,0.0,0.0,0.0
28,diazepam,diazepam,diazepam,10.1208/s12249-015-0294-0,poloxamer407,acetone,False,88.0,-0.5275660240299075,0.07544437942666364,-1.0306721986113907,-0.5758981167766616,-0.8457356781045259,-1.14510454223471,-0.7056190111872477,0.43551135711395467,-0.5279170537659742,1.2472822341929806,-0.4596341495827446,0.17071179970771083,-0.23051884107549298,0.0,1.0,0.0,0.0,1.0,0.0,0.0,0.0,0.0
29,diazepam,diazepam,diazepam,10.1208/s12249-015-0294-0,poloxamer407,acetone,False,91.0,-0.5275660240299075,0.07544437942666364,-1.0306721986113907,-0.5758981167766616,-0.8457356781045259,-1.14510454223471,-0.7056190111872477,0.43551135711395467,-0.7841778249261271,0.10097359136469539,0.30843224241406964,0.17071179970771083,-0.23051884107549298,0.0,1.0,0.0,0.0,1.0,0.0,0.0,0.0,0.0
31,rivastigmine-tartrate,rivastigmine-tartrate,rivastigmine,10.1016/j.ejpb.2010.07.007,poloxamer407,acetone,False,71.53,0.20730442751859182,-1.6974081943856174,1.5802975375273123,-0.7188615366945268,0.8827165157402748,1.8573037087465416,1.2310799769649852,-0.718416380788669,0.9954108636860465,-0.5162695240043812,-0.07560095358433751,0.17071179970771083,-0.23051884107549298,0.0,0.0,1.0,0.0,1.0,0.0,0.0,0.0,0.0
32,rivastigmine-tartrate,rivastigmine-tartrate,rivastigmine,10.1016/j.ejpb.2010.07.007,poloxamer407,acetone,False,69.86,0.20730442751859182,-1.6974081943856174,1.5802975375273123,-0.7188615366945268,0.8827165157402748,1.8573037087465416,1.2310799769649852,-0.718416380788669,0.9954108636860465,-0.5162695240043812,-0.2944998753034296,0.17071179970771083,-0.23051884107549298,0.0,0.0,1.0,0.0,1.0,0.0,0.0,0.0,0.0
33,rivastigmine-tartrate,rivastigmine-tartrate,rivastigmine,10.1016/j.ejpb.2010.07.007,poloxamer407,acetone,False,67.39,0.20730442751859182,-1.6974081943856174,1.5802975375273123,-0.7188615366945268,0.8827165157402748,1.8573037087465416,1.2310799769649852,-0.718416380788669,0.9954108636860465,-0.5162695240043812,-0.4596341495827446,0.17071179970771083,-0.23051884107549298,0.0,0.0,1.0,0.0,1.0,0.0,0.0,0.0,0.0
34,rivastigmine-tartrate,rivastigmine-tartrate,rivastigmine,10.1016/j.ejpb.2010.07.007,poloxamer407,acetone,False,72.65,0.20730442751859182,-1.6974081943856174,1.5802975375273123,-0.7188615366945268,0.8827165157402748,1.8573037087465416,1.2310799769649852,-0.718416380788669,0.2835753882411772,-0.5162695240043812,-0.07560095358433751,0.17071179970771083,-0.23051884107549298,0.0,0.0,1.0,0.0,1.0,0.0,0.0,0.0,0.0
35,rivastigmine-tartrate,rivastigmine-tartrate,rivastigmine,10.1016/j.ejpb.2010.07.007,poloxamer407,acetone,False,71.42,0.20730442751859182,-1.6974081943856174,1.5802975375273123,-0.7188615366945268,0.8827165157402748,1.8573037087465416,1.2310799769649852,-0.718416380788669,0.2835753882411772,-0.5162695240043812,-0.2944998753034296,0.17071179970771083,-0.23051884107549298,0.0,0.0,1.0,0.0,1.0,0.0,0.0,0.0,0.0
36,rivastigmine-tartrate,rivastigmine-tartrate,rivastigmine,10.1016/j.ejpb.2010.07.007,poloxamer407,acetone,False,68.21,0.20730442751859182,-1.6974081943856174,1.5802975375273123,-0.7188615366945268,0.8827165157402748,1.8573037087465416,1.2310799769649852,-0.718416380788669,0.2835753882411772,-0.5162695240043812,-0.4596341495827446,0.17071179970771083,-0.23051884107549298,0.0,0.0,1.0,0.0,1.0,0.0,0.0,0.0,0.0
37,rivastigmine-tartrate,rivastigmine-tartrate,rivastigmine,10.1016/j.ejpb.2010.07.007,poloxamer407,acetone,False,74.19,0.20730442751859182,-1.6974081943856174,1.5802975375273123,-0.7188615366945268,0.8827165157402748,1.8573037087465416,1.2310799769649852,-0.718416380788669,-0.0723423494812577,-0.5162695240043812,-0.07560095358433751,0.17071179970771083,-0.23051884107549298,0.0,0.0,1.0,0.0,1.0,0.0,0.0,0.0,0.0
38,rivastigmine-tartrate,rivastigmine-tartrate,rivastigmine,10.1016/j.ejpb.2010.07.007,poloxamer407,acetone,False,73.76,0.20730442751859182,-1.6974081943856174,1.5802975375273123,-0.7188615366945268,0.8827165157402748,1.8573037087465416,1.2310799769649852,-0.718416380788669,-0.0723423494812577,-0.5162695240043812,-0.2944998753034296,0.17071179970771083,-0.23051884107549298,0.0,0.0,1.0,0.0,1.0,0.0,0.0,0.0,0.0
39,rivastigmine-tartrate,rivastigmine-tartrate,rivastigmine,10.1016/j.ejpb.2010.07.007,poloxamer407,acetone,False,70.66,0.20730442751859182,-1.6974081943856174,1.5802975375273123,-0.7188615366945268,0.8827165157402748,1.8573037087465416,1.2310799769649852,-0.718416380788669,-0.0723423494812577,-0.5162695240043812,-0.4596341495827446,0.17071179970771083,-0.23051884107549298,0.0,0.0,1.0,0.0,1.0,0.0,0.0,0.0,0.0
40,rivastigmine-tartrate,rivastigmine-tartrate,rivastigmine,10.1016/j.ejpb.2010.07.007,poloxamer407,acetone,False,72.27,0.20730442751859182,-1.6974081943856174,1.5802975375273123,-0.7188615366945268,0.8827165157402748,1.8573037087465416,1.2310799769649852,-0.718416380788669,0.9954108636860465,0.3655063550942997,-0.07560095358433751,0.17071179970771083,-0.23051884107549298,0.0,0.0,1.0,0.0,1.0,0.0,0.0,0.0,0.0
41,rivastigmine-tartrate,rivastigmine-tartrate,rivastigmine,10.1016/j.ejpb.2010.07.007,poloxamer407,acetone,False,71.64,0.20730442751859182,-1.6974081943856174,1.5802975375273123,-0.7188615366945268,0.8827165157402748,1.8573037087465416,1.2310799769649852,-0.718416380788669,0.9954108636860465,0.3655063550942997,-0.2944998753034296,0.17071179970771083,-0.23051884107549298,0.0,0.0,1.0,0.0,1.0,0.0,0.0,0.0,0.0
42,rivastigmine-tartrate,rivastigmine-tartrate,rivastigmine,10.1016/j.ejpb.2010.07.007,poloxamer407,acetone,False,68.34,0.20730442751859182,-1.6974081943856174,1.5802975375273123,-0.7188615366945268,0.8827165157402748,1.8573037087465416,1.2310799769649852,-0.718416380788669,0.9954108636860465,0.3655063550942997,-0.4596341495827446,0.17071179970771083,-0.23051884107549298,0.0,0.0,1.0,0.0,1.0,0.0,0.0,0.0,0.0
43,rivastigmine-tartrate,rivastigmine-tartrate,rivastigmine,10.1016/j.ejpb.2010.07.007,poloxamer407,acetone,False,73.23,0.20730442751859182,-1.6974081943856174,1.5802975375273123,-0.7188615366945268,0.8827165157402748,1.8573037087465416,1.2310799769649852,-0.718416380788669,0.2835753882411772,0.3655063550942997,-0.07560095358433751,0.17071179970771083,-0.23051884107549298,0.0,0.0,1.0,0.0,1.0,0.0,0.0,0.0,0.0
44,rivastigmine-tartrate,rivastigmine-tartrate,rivastigmine,10.1016/j.ejpb.2010.07.007,poloxamer407,acetone,False,72.19,0.20730442751859182,-1.6974081943856174,1.5802975375273123,-0.7188615366945268,0.8827165157402748,1.8573037087465416,1.2310799769649852,-0.718416380788669,0.2835753882411772,0.3655063550942997,-0.2944998753034296,0.17071179970771083,-0.23051884107549298,0.0,0.0,1.0,0.0,1.0,0.0,0.0,0.0,0.0
45,rivastigmine-tartrate,rivastigmine-tartrate,rivastigmine,10.1016/j.ejpb.2010.07.007,poloxamer407,acetone,False,69.61,0.20730442751859182,-1.6974081943856174,1.5802975375273123,-0.7188615366945268,0.8827165157402748,1.8573037087465416,1.2310799769649852,-0.718416380788669,0.2835753882411772,0.3655063550942997,-0.4596341495827446,0.17071179970771083,-0.23051884107549298,0.0,0.0,1.0,0.0,1.0,0.0,0.0,0.0,0.0
46,rivastigmine-tartrate,rivastigmine-tartrate,rivastigmine,10.1016/j.ejpb.2010.07.007,poloxamer407,acetone,False,75.64,0.20730442751859182,-1.6974081943856174,1.5802975375273123,-0.7188615366945268,0.8827165157402748,1.8573037087465416,1.2310799769649852,-0.718416380788669,-0.0723423494812577,0.3655063550942997,-0.07560095358433751,0.17071179970771083,-0.23051884107549298,0.0,0.0,1.0,0.0,1.0,0.0,0.0,0.0,0.0
47,rivastigmine-tartrate,rivastigmine-tartrate,rivastigmine,10.1016/j.ejpb.2010.07.007,poloxamer407,acetone,False,75.08,0.20730442751859182,-1.6974081943856174,1.5802975375273123,-0.7188615366945268,0.8827165157402748,1.8573037087465416,1.2310799769649852,-0.718416380788669,-0.0723423494812577,0.3655063550942997,-0.2944998753034296,0.17071179970771083,-0.23051884107549298,0.0,0.0,1.0,0.0,1.0,0.0,0.0,0.0,0.0
48,rivastigmine-tartrate,rivastigmine-tartrate,rivastigmine,10.1016/j.ejpb.2010.07.007,poloxamer407,acetone,False,74.46,0.20730442751859182,-1.6974081943856174,1.5802975375273123,-0.7188615366945268,0.8827165157402748,1.8573037087465416,1.2310799769649852,-0.718416380788669,-0.0723423494812577,0.3655063550942997,-0.4596341495827446,0.17071179970771083,-0.23051884107549298,0.0,0.0,1.0,0.0,1.0,0.0,0.0,0.0,0.0
49,rivastigmine-tartrate,rivastigmine-tartrate,rivastigmine,10.1016/j.ejpb.2010.07.007,poloxamer407,acetone,False,73.12,0.20730442751859182,-1.6974081943856174,1.5802975375273123,-0.7188615366945268,0.8827165157402748,1.8573037087465416,1.2310799769649852,-0.718416380788669,0.9954108636860465,1.2472822341929806,-0.07560095358433751,0.17071179970771083,-0.23051884107549298,0.0,0.0,1.0,0.0,1.0,0.0,0.0,0.0,0.0
50,rivastigmine-tartrate,rivastigmine-tartrate,rivastigmine,10.1016/j.ejpb.2010.07.007,poloxamer407,acetone,False,70.15,0.20730442751859182,-1.6974081943856174,1.5802975375273123,-0.7188615366945268,0.8827165157402748,1.8573037087465416,1.2310799769649852,-0.718416380788669,0.9954108636860465,1.2472822341929806,-0.2944998753034296,0.17071179970771083,-0.23051884107549298,0.0,0.0,1.0,0.0,1.0,0.0,0.0,0.0,0.0
51,rivastigmine-tartrate,rivastigmine-tartrate,rivastigmine,10.1016/j.ejpb.2010.07.007,poloxamer407,acetone,False,68.81,0.20730442751859182,-1.6974081943856174,1.5802975375273123,-0.7188615366945268,0.8827165157402748,1.8573037087465416,1.2310799769649852,-0.718416380788669,0.9954108636860465,1.2472822341929806,-0.4596341495827446,0.17071179970771083,-0.23051884107549298,0.0,0.0,1.0,0.0,1.0,0.0,0.0,0.0,0.0
52,rivastigmine-tartrate,rivastigmine-tartrate,rivastigmine,10.1016/j.ejpb.2010.07.007,poloxamer407,acetone,False,74.26,0.20730442751859182,-1.6974081943856174,1.5802975375273123,-0.7188615366945268,0.8827165157402748,1.8573037087465416,1.2310799769649852,-0.718416380788669,0.2835753882411772,1.2472822341929806,-0.07560095358433751,0.17071179970771083,-0.23051884107549298,0.0,0.0,1.0,0.0,1.0,0.0,0.0,0.0,0.0
53,rivastigmine-tartrate,rivastigmine-tartrate,rivastigmine,10.1016/j.ejpb.2010.07.007,poloxamer407,acetone,False,73.15,0.20730442751859182,-1.6974081943856174,1.5802975375273123,-0.7188615366945268,0.8827165157402748,1.8573037087465416,1.2310799769649852,-0.718416380788669,0.2835753882411772,1.2472822341929806,-0.2944998753034296,0.17071179970771083,-0.23051884107549298,0.0,0.0,1.0,0.0,1.0,0.0,0.0,0.0,0.0
54,rivastigmine-tartrate,rivastigmine-tartrate,rivastigmine,10.1016/j.ejpb.2010.07.007,poloxamer407,acetone,False,70.85,0.20730442751859182,-1.6974081943856174,1.5802975375273123,-0.7188615366945268,0.8827165157402748,1.8573037087465416,1.2310799769649852,-0.718416380788669,0.2835753882411772,1.2472822341929806,-0.4596341495827446,0.17071179970771083,-0.23051884107549298,0.0,0.0,1.0,0.0,1.0,0.0,0.0,0.0,0.0
55,rivastigmine-tartrate,rivastigmine-tartrate,rivastigmine,10.1016/j.ejpb.2010.07.007,poloxamer407,acetone,False,76.24,0.20730442751859182,-1.6974081943856174,1.5802975375273123,-0.7188615366945268,0.8827165157402748,1.8573037087465416,1.2310799769649852,-0.718416380788669,-0.0723423494812577,1.2472822341929806,-0.07560095358433751,0.17071179970771083,-0.23051884107549298,0.0,0.0,1.0,0.0,1.0,0.0,0.0,0.0,0.0
56,rivastigmine-tartrate,rivastigmine-tartrate,rivastigmine,10.1016/j.ejpb.2010.07.007,poloxamer407,acetone,False,75.31,0.20730442751859182,-1.6974081943856174,1.5802975375273123,-0.7188615366945268,0.8827165157402748,1.8573037087465416,1.2310799769649852,-0.718416380788669,-0.0723423494812577,1.2472822341929806,-0.2944998753034296,0.17071179970771083,-0.23051884107549298,0.0,0.0,1.0,0.0,1.0,0.0,0.0,0.0,0.0
57,rivastigmine-tartrate,rivastigmine-tartrate,rivastigmine,10.1016/j.ejpb.2010.07.007,poloxamer407,acetone,False,74.79,0.20730442751859182,-1.6974081943856174,1.5802975375273123,-0.7188615366945268,0.8827165157402748,1.8573037087465416,1.2310799769649852,-0.718416380788669,-0.0723423494812577,1.2472822341929806,-0.4596341495827446,0.17071179970771083,-0.23051884107549298,0.0,0.0,1.0,0.0,1.0,0.0,0.0,0.0,0.0
58,flurbiprofen,flurbiprofen,flurbiprofen,10.1002/jps.21383,poloxamer188,acetone,False,94.6,-0.7847198611554541,0.4497917356499742,-0.9257074519037223,-0.9442391633885734,-1.191426116873486,-0.39450247948939704,-1.0284021758792865,2.2887892391999864,1.8282583699565436,-1.3627743679391147,-0.4596341495827446,1.1664852244311101,-0.23051884107549298,0.0,0.0,0.0,1.0,0.0,0.0,0.0,1.0,0.0
59,flurbiprofen,flurbiprofen,flurbiprofen,10.1002/jps.21383,poloxamer188,acetone,False,85.94,-0.7847198611554541,0.4497917356499742,-0.9257074519037223,-0.9442391633885734,-1.191426116873486,-0.39450247948939704,-1.0284021758792865,2.2887892391999864,-0.5492721180293202,-1.3627743679391147,-0.4596341495827446,1.1664852244311101,-0.23051884107549298,0.0,0.0,0.0,1.0,0.0,0.0,0.0,1.0,0.0
60,flurbiprofen,flurbiprofen,flurbiprofen,10.1002/jps.21383,poloxamer188,acetone,False,84.7,-0.7847198611554541,0.4497917356499742,-0.9257074519037223,-0.9442391633885734,-1.191426116873486,-0.39450247948939704,-1.0284021758792865,2.2887892391999864,-0.5492721180293202,-1.3275033327751675,-0.4596341495827446,1.1664852244311101,-0.23051884107549298,0.0,0.0,0.0,1.0,0.0,0.0,0.0,1.0,0.0
61,docetaxel,docetaxel,docetaxel,10.1039/c7bm01206c,TPGS,acetone,False,80.5,2.7957407534863608,0.15313911373716194,3.317090031107116,1.106024470492342,3.3025495871229955,2.6079057714918545,2.844995800425179,-0.2638387870694536,-0.42826008720369235,-1.345138850357141,1.5565401294088927,-0.7079118103423474,-0.23051884107549298,0.0,1.0,0.0,0.0,0.0,0.0,0.0,1.0,0.0
62,lorazepam,lorazepam,lorazepam,10.1155/2014/156010,poloxamer407,acetone,False,70.0,-0.29626732813709217,0.040128591103709955,-0.3727722095279042,0.012774788767489708,-0.5000452393355658,0.3560995832559158,-0.06005268180317012,0.43551135711395467,-0.9336632747695497,-1.0453350514635897,0.30843224241406964,0.17071179970771083,-0.23051884107549298,0.0,1.0,0.0,0.0,1.0,0.0,0.0,0.0,0.0
63,lorazepam,lorazepam,lorazepam,10.1155/2014/156010,poloxamer407,acetone,False,88.48,-0.29626732813709217,0.040128591103709955,-0.3727722095279042,0.012774788767489708,-0.5000452393355658,0.3560995832559158,-0.06005268180317012,0.43551135711395467,-0.1221708327623986,-1.0453350514635897,0.30843224241406964,0.17071179970771083,-0.23051884107549298,0.0,1.0,0.0,0.0,1.0,0.0,0.0,0.0,0.0
64,lorazepam,lorazepam,lorazepam,10.1155/2014/156010,poloxamer407,acetone,False,83.0,-0.29626732813709217,0.040128591103709955,-0.3727722095279042,0.012774788767489708,-0.5000452393355658,0.3560995832559158,-0.06005268180317012,0.43551135711395467,0.9954108636860465,0.10097359136469539,1.0764986344108838,0.17071179970771083,-0.23051884107549298,0.0,1.0,0.0,0.0,1.0,0.0,0.0,0.0,0.0
65,lorazepam,lorazepam,lorazepam,10.1155/2014/156010,poloxamer407,acetone,False,71.0,-0.29626732813709217,0.040128591103709955,-0.3727722095279042,0.012774788767489708,-0.5000452393355658,0.3560995832559158,-0.06005268180317012,0.43551135711395467,-0.9336632747695497,0.10097359136469539,-0.4596341495827446,0.17071179970771083,-0.23051884107549298,0.0,1.0,0.0,0.0,1.0,0.0,0.0,0.0,0.0
66,lorazepam,lorazepam,lorazepam,10.1155/2014/156010,poloxamer407,acetone,False,81.0,-0.29626732813709217,0.040128591103709955,-0.3727722095279042,0.012774788767489708,-0.5000452393355658,0.3560995832559158,-0.06005268180317012,0.43551135711395467,0.9954108636860465,-1.0453350514635897,0.30843224241406964,0.17071179970771083,-0.23051884107549298,0.0,1.0,0.0,0.0,1.0,0.0,0.0,0.0,0.0
67,lorazepam,lorazepam,lorazepam,10.1155/2014/156010,poloxamer407,acetone,False,83.5,-0.29626732813709217,0.040128591103709955,-0.3727722095279042,0.012774788767489708,-0.5000452393355658,0.3560995832559158,-0.06005268180317012,0.43551135711395467,2.4190818145757853,0.10097359136469539,0.30843224241406964,0.17071179970771083,-0.23051884107549298,0.0,1.0,0.0,0.0,1.0,0.0,0.0,0.0,0.0
68,lorazepam,lorazepam,lorazepam,10.1155/2014/156010,poloxamer407,acetone,False,75.0,-0.29626732813709217,0.040128591103709955,-0.3727722095279042,0.012774788767489708,-0.5000452393355658,0.3560995832559158,-0.06005268180317012,0.43551135711395467,0.9954108636860465,0.10097359136469539,-0.4596341495827446,0.17071179970771083,-0.23051884107549298,0.0,1.0,0.0,0.0,1.0,0.0,0.0,0.0,0.0
69,lorazepam,lorazepam,lorazepam,10.1155/2014/156010,poloxamer407,acetone,False,86.6,-0.29626732813709217,0.040128591103709955,-0.3727722095279042,0.012774788767489708,-0.5000452393355658,0.3560995832559158,-0.06005268180317012,0.43551135711395467,-0.5279170537659742,0.10097359136469539,0.30843224241406964,0.17071179970771083,-0.23051884107549298,0.0,1.0,0.0,0.0,1.0,0.0,0.0,0.0,0.0
70,lorazepam,lorazepam,lorazepam,10.1155/2014/156010,poloxamer407,acetone,False,76.0,-0.29626732813709217,0.040128591103709955,-0.3727722095279042,0.012774788767489708,-0.5000452393355658,0.3560995832559158,-0.06005268180317012,0.43551135711395467,-1.0190835318229339,0.10097359136469539,0.30843224241406964,0.17071179970771083,-0.23051884107549298,0.0,1.0,0.0,0.0,1.0,0.0,0.0,0.0,0.0
71,lorazepam,lorazepam,lorazepam,10.1155/2014/156010,poloxamer407,acetone,False,84.3,-0.29626732813709217,0.040128591103709955,-0.3727722095279042,0.012774788767489708,-0.5000452393355658,0.3560995832559158,-0.06005268180317012,0.43551135711395467,-0.1221708327623986,1.2472822341929806,0.30843224241406964,0.17071179970771083,-0.23051884107549298,0.0,1.0,0.0,0.0,1.0,0.0,0.0,0.0,0.0
72,lorazepam,lorazepam,lorazepam,10.1155/2014/156010,poloxamer407,acetone,False,80.0,-0.29626732813709217,0.040128591103709955,-0.3727722095279042,0.012774788767489708,-0.5000452393355658,0.3560995832559158,-0.06005268180317012,0.43551135711395467,0.9954108636860465,1.2472822341929806,0.30843224241406964,0.17071179970771083,-0.23051884107549298,0.0,1.0,0.0,0.0,1.0,0.0,0.0,0.0,0.0
73,lorazepam,lorazepam,lorazepam,10.1155/2014/156010,poloxamer407,acetone,False,90.1,-0.29626732813709217,0.040128591103709955,-0.3727722095279042,0.012774788767489708,-0.5000452393355658,0.3560995832559158,-0.06005268180317012,0.43551135711395467,-0.7841778249261271,-1.0453350514635897,0.30843224241406964,0.17071179970771083,-0.23051884107549298,0.0,1.0,0.0,0.0,1.0,0.0,0.0,0.0,0.0
74,lorazepam,lorazepam,lorazepam,10.1155/2014/156010,poloxamer407,acetone,False,83.5,-0.29626732813709217,0.040128591103709955,-0.3727722095279042,0.012774788767489708,-0.5000452393355658,0.3560995832559158,-0.06005268180317012,0.43551135711395467,-0.5279170537659742,1.2472822341929806,1.0764986344108838,0.17071179970771083,-0.23051884107549298,0.0,1.0,0.0,0.0,1.0,0.0,0.0,0.0,0.0
75,lorazepam,lorazepam,lorazepam,10.1155/2014/156010,poloxamer407,acetone,False,82.0,-0.29626732813709217,0.040128591103709955,-0.3727722095279042,0.012774788767489708,-0.5000452393355658,0.3560995832559158,-0.06005268180317012,0.43551135711395467,-0.7841778249261271,1.2472822341929806,0.30843224241406964,0.17071179970771083,-0.23051884107549298,0.0,1.0,0.0,0.0,1.0,0.0,0.0,0.0,0.0
76,lorazepam,lorazepam,lorazepam,10.1155/2014/156010,poloxamer407,acetone,False,88.0,-0.29626732813709217,0.040128591103709955,-0.3727722095279042,0.012774788767489708,-0.5000452393355658,0.3560995832559158,-0.06005268180317012,0.43551135711395467,-0.7841778249261271,0.10097359136469539,-0.4596341495827446,0.17071179970771083,-0.23051884107549298,0.0,1.0,0.0,0.0,1.0,0.0,0.0,0.0,0.0
77,lorazepam,lorazepam,lorazepam,10.1155/2014/156010,poloxamer407,acetone,False,66.4,-0.29626732813709217,0.040128591103709955,-0.3727722095279042,0.012774788767489708,-0.5000452393355658,0.3560995832559158,-0.06005268180317012,0.43551135711395467,-0.9336632747695497,1.2472822341929806,0.30843224241406964,0.17071179970771083,-0.23051884107549298,0.0,1.0,0.0,0.0,1.0,0.0,0.0,0.0,0.0
78,lorazepam,lorazepam,lorazepam,10.1155/2014/156010,poloxamer407,acetone,False,87.83,-0.29626732813709217,0.040128591103709955,-0.3727722095279042,0.012774788767489708,-0.5000452393355658,0.3560995832559158,-0.06005268180317012,0.43551135711395467,-0.5279170537659742,-1.0453350514635897,-0.4596341495827446,0.17071179970771083,-0.23051884107549298,0.0,1.0,0.0,0.0,1.0,0.0,0.0,0.0,0.0
79,lorazepam,lorazepam,lorazepam,10.1155/2014/156010,poloxamer407,acetone,False,89.0,-0.29626732813709217,0.040128591103709955,-0.3727722095279042,0.012774788767489708,-0.5000452393355658,0.3560995832559158,-0.06005268180317012,0.43551135711395467,-0.5492721180293202,0.10097359136469539,0.30843224241406964,0.17071179970771083,-0.23051884107549298,0.0,1.0,0.0,0.0,1.0,0.0,0.0,0.0,0.0
80,lorazepam,lorazepam,lorazepam,10.1155/2014/156010,poloxamer407,acetone,False,88.0,-0.29626732813709217,0.040128591103709955,-0.3727722095279042,0.012774788767489708,-0.5000452393355658,0.3560995832559158,-0.06005268180317012,0.43551135711395467,-0.1221708327623986,0.10097359136469539,-0.4596341495827446,0.17071179970771083,-0.23051884107549298,0.0,1.0,0.0,0.0,1.0,0.0,0.0,0.0,0.0
81,lorazepam,lorazepam,lorazepam,10.1155/2014/156010,poloxamer407,acetone,False,65.5,-0.29626732813709217,0.040128591103709955,-0.3727722095279042,0.012774788767489708,-0.5000452393355658,0.3560995832559158,-0.06005268180317012,0.43551135711395467,-0.42826008720369235,0.10097359136469539,0.30843224241406964,0.17071179970771083,-0.23051884107549298,0.0,1.0,0.0,0.0,1.0,0.0,0.0,0.0,0.0
82,lorazepam,lorazepam,lorazepam,10.1155/2014/156010,poloxamer407,acetone,False,69.0,-0.29626732813709217,0.040128591103709955,-0.3727722095279042,0.012774788767489708,-0.5000452393355658,0.3560995832559158,-0.06005268180317012,0.43551135711395467,-0.9336632747695497,0.10097359136469539,1.0764986344108838,0.17071179970771083,-0.23051884107549298,0.0,1.0,0.0,0.0,1.0,0.0,0.0,0.0,0.0
83,lorazepam,lorazepam,lorazepam,10.1155/2014/156010,poloxamer407,acetone,False,88.0,-0.29626732813709217,0.040128591103709955,-0.3727722095279042,0.012774788767489708,-0.5000452393355658,0.3560995832559158,-0.06005268180317012,0.43551135711395467,-0.5279170537659742,-1.0453350514635897,1.0764986344108838,0.17071179970771083,-0.23051884107549298,0.0,1.0,0.0,0.0,1.0,0.0,0.0,0.0,0.0
84,lorazepam,lorazepam,lorazepam,10.1155/2014/156010,poloxamer407,acetone,False,87.0,-0.29626732813709217,0.040128591103709955,-0.3727722095279042,0.012774788767489708,-0.5000452393355658,0.3560995832559158,-0.06005268180317012,0.43551135711395467,-0.1221708327623986,0.10097359136469539,1.0764986344108838,0.17071179970771083,-0.23051884107549298,0.0,1.0,0.0,0.0,1.0,0.0,0.0,0.0,0.0
85,lorazepam,lorazepam,lorazepam,10.1155/2014/156010,poloxamer407,acetone,False,84.0,-0.29626732813709217,0.040128591103709955,-0.3727722095279042,0.012774788767489708,-0.5000452393355658,0.3560995832559158,-0.06005268180317012,0.43551135711395467,-0.5279170537659742,1.2472822341929806,-0.4596341495827446,0.17071179970771083,-0.23051884107549298,0.0,1.0,0.0,0.0,1.0,0.0,0.0,0.0,0.0
86,lorazepam,lorazepam,lorazepam,10.1155/2014/156010,poloxamer407,acetone,False,88.0,-0.29626732813709217,0.040128591103709955,-0.3727722095279042,0.012774788767489708,-0.5000452393355658,0.3560995832559158,-0.06005268180317012,0.43551135711395467,-0.7841778249261271,0.10097359136469539,1.0764986344108838,0.17071179970771083,-0.23051884107549298,0.0,1.0,0.0,0.0,1.0,0.0,0.0,0.0,0.0
87,lorazepam,lorazepam,lorazepam,10.1155/2014/156010,poloxamer407,acetone,False,85.12,-0.29626732813709217,0.040128591103709955,-0.3727722095279042,0.012774788767489708,-0.5000452393355658,0.3560995832559158,-0.06005268180317012,0.43551135711395467,-0.5279170537659742,0.10097359136469539,0.30843224241406964,0.17071179970771083,-0.23051884107549298,0.0,1.0,0.0,0.0,1.0,0.0,0.0,0.0,0.0
88,rubitecan,rubitecan,rubitecan,10.1016/j.ejpb.2006.09.004,PVA,acetone,False,33.5,0.16239144262537014,-0.7438819096658646,1.0525266296753628,0.2987016286032203,1.2284069545092349,-0.39450247948939704,0.9082968122729463,-0.718416380788669,-1.0973854341218696,0.9122074001354818,-0.5018778011425694,-0.12216273697564192,-0.23051884107549298,0.0,0.0,0.0,1.0,1.0,0.0,0.0,0.0,0.0
89,lopinavir,lopinavir,lopinavir,10.1080/10717544.2016.1199605,poloxamer188,acetone,False,36.5,1.6581145392461698,0.9088969838483737,0.949148822982713,-0.6852230849491467,0.19133563820235452,1.8573037087465416,0.9082968122729463,-0.6484813663703282,0.2835753882411772,-0.5162695240043812,-0.4596341495827446,1.1664852244311101,-0.23051884107549298,0.0,1.0,0.0,0.0,1.0,0.0,0.0,0.0,0.0
90,lopinavir,lopinavir,lopinavir,10.1080/10717544.2016.1199605,poloxamer188,acetone,False,29.4,1.6581145392461698,0.9088969838483737,0.949148822982713,-0.6852230849491467,0.19133563820235452,1.8573037087465416,0.9082968122729463,-0.6484813663703282,0.2835753882411772,-0.07538158445504074,-0.4596341495827446,1.1664852244311101,-0.23051884107549298,0.0,1.0,0.0,0.0,1.0,0.0,0.0,0.0,0.0
91,lopinavir,lopinavir,lopinavir,10.1080/10717544.2016.1199605,poloxamer188,acetone,False,21.3,1.6581145392461698,0.9088969838483737,0.949148822982713,-0.6852230849491467,0.19133563820235452,1.8573037087465416,0.9082968122729463,-0.6484813663703282,0.2835753882411772,0.3655063550942997,-0.4596341495827446,1.1664852244311101,-0.23051884107549298,0.0,1.0,0.0,0.0,1.0,0.0,0.0,0.0,0.0
92,lopinavir,lopinavir,lopinavir,10.1080/10717544.2016.1199605,poloxamer188,acetone,False,50.9,1.6581145392461698,0.9088969838483737,0.949148822982713,-0.6852230849491467,0.19133563820235452,1.8573037087465416,0.9082968122729463,-0.6484813663703282,-0.42826008720369235,-0.5162695240043812,-0.4596341495827446,1.1664852244311101,-0.23051884107549298,0.0,1.0,0.0,0.0,1.0,0.0,0.0,0.0,0.0
93,lopinavir,lopinavir,lopinavir,10.1080/10717544.2016.1199605,poloxamer188,acetone,False,48.7,1.6581145392461698,0.9088969838483737,0.949148822982713,-0.6852230849491467,0.19133563820235452,1.8573037087465416,0.9082968122729463,-0.6484813663703282,-0.42826008720369235,-0.07538158445504074,-0.4596341495827446,1.1664852244311101,-0.23051884107549298,0.0,1.0,0.0,0.0,1.0,0.0,0.0,0.0,0.0
94,lopinavir,lopinavir,lopinavir,10.1080/10717544.2016.1199605,poloxamer188,acetone,False,38.2,1.6581145392461698,0.9088969838483737,0.949148822982713,-0.6852230849491467,0.19133563820235452,1.8573037087465416,0.9082968122729463,-0.6484813663703282,-0.42826008720369235,0.3655063550942997,-0.4596341495827446,1.1664852244311101,-0.23051884107549298,0.0,1.0,0.0,0.0,1.0,0.0,0.0,0.0,0.0
95,lopinavir,lopinavir,lopinavir,10.1080/10717544.2016.1199605,poloxamer188,acetone,False,51.1,1.6581145392461698,0.9088969838483737,0.949148822982713,-0.6852230849491467,0.19133563820235452,1.8573037087465416,0.9082968122729463,-0.6484813663703282,-0.6631657941004993,-0.5162695240043812,-0.4596341495827446,1.1664852244311101,-0.23051884107549298,0.0,1.0,0.0,0.0,1.0,0.0,0.0,0.0,0.0
96,lopinavir,lopinavir,lopinavir,10.1080/10717544.2016.1199605,poloxamer188,acetone,False,57.3,1.6581145392461698,0.9088969838483737,0.949148822982713,-0.6852230849491467,0.19133563820235452,1.8573037087465416,0.9082968122729463,-0.6484813663703282,-0.6631657941004993,-0.07538158445504074,-0.4596341495827446,1.1664852244311101,-0.23051884107549298,0.0,1.0,0.0,0.0,1.0,0.0,0.0,0.0,0.0
97,lopinavir,lopinavir,lopinavir,10.1080/10717544.2016.1199605,poloxamer188,acetone,False,40.3,1.6581145392461698,0.9088969838483737,0.949148822982713,-0.6852230849491467,0.19133563820235452,1.8573037087465416,0.9082968122729463,-0.6484813663703282,-0.6631657941004993,0.3655063550942997,-0.4596341495827446,1.1664852244311101,-0.23051884107549298,0.0,1.0,0.0,0.0,1.0,0.0,0.0,0.0,0.0
98,lopinavir,lopinavir,lopinavir,10.1080/10717544.2016.1199605,poloxamer188,acetone,False,61.6,1.6581145392461698,0.9088969838483737,0.949148822982713,-0.6852230849491467,0.19133563820235452,1.8573037087465416,0.9082968122729463,-0.6484813663703282,0.9954108636860465,-0.5162695240043812,-0.4596341495827446,1.1664852244311101,-0.23051884107549298,0.0,1.0,0.0,0.0,1.0,0.0,0.0,0.0,0.0
99,lopinavir,lopinavir,lopinavir,10.1080/10717544.2016.1199605,poloxamer188,acetone,False,55.4,1.6581145392461698,0.9088969838483737,0.949148822982713,-0.6852230849491467,0.19133563820235452,1.8573037087465416,0.9082968122729463,-0.6484813663703282,0.9954108636860465,-0.07538158445504074,-0.4596341495827446,1.1664852244311101,-0.23051884107549298,0.0,1.0,0.0,0.0,1.0,0.0,0.0,0.0,0.0
100,lopinavir,lopinavir,lopinavir,10.1080/10717544.2016.1199605,poloxamer188,acetone,False,47.4,1.6581145392461698,0.9088969838483737,0.949148822982713,-0.6852230849491467,0.19133563820235452,1.8573037087465416,0.9082968122729463,-0.6484813663703282,0.9954108636860465,0.3655063550942997,-0.4596341495827446,1.1664852244311101,-0.23051884107549298,0.0,1.0,0.0,0.0,1.0,0.0,0.0,0.0,0.0
101,lopinavir,lopinavir,lopinavir,10.1080/10717544.2016.1199605,poloxamer188,acetone,False,83.3,1.6581145392461698,0.9088969838483737,0.949148822982713,-0.6852230849491467,0.19133563820235452,1.8573037087465416,0.9082968122729463,-0.6484813663703282,-0.0723423494812577,-0.5162695240043812,-0.4596341495827446,1.1664852244311101,-0.23051884107549298,0.0,1.0,0.0,0.0,1.0,0.0,0.0,0.0,0.0
102,lopinavir,lopinavir,lopinavir,10.1080/10717544.2016.1199605,poloxamer188,acetone,False,73.2,1.6581145392461698,0.9088969838483737,0.949148822982713,-0.6852230849491467,0.19133563820235452,1.8573037087465416,0.9082968122729463,-0.6484813663703282,-0.0723423494812577,-0.07538158445504074,-0.4596341495827446,1.1664852244311101,-0.23051884107549298,0.0,1.0,0.0,0.0,1.0,0.0,0.0,0.0,0.0
103,lopinavir,lopinavir,lopinavir,10.1080/10717544.2016.1199605,poloxamer188,acetone,False,63.1,1.6581145392461698,0.9088969838483737,0.949148822982713,-0.6852230849491467,0.19133563820235452,1.8573037087465416,0.9082968122729463,-0.6484813663703282,-0.0723423494812577,0.3655063550942997,-0.4596341495827446,1.1664852244311101,-0.23051884107549298,0.0,1.0,0.0,0.0,1.0,0.0,0.0,0.0,0.0
104,lopinavir,lopinavir,lopinavir,10.1080/10717544.2016.1199605,poloxamer188,acetone,False,91.4,1.6581145392461698,0.9088969838483737,0.949148822982713,-0.6852230849491467,0.19133563820235452,1.8573037087465416,0.9082968122729463,-0.6484813663703282,-0.42826008720369235,-0.5162695240043812,-0.4596341495827446,1.1664852244311101,-0.23051884107549298,0.0,1.0,0.0,0.0,1.0,0.0,0.0,0.0,0.0
105,lopinavir,lopinavir,lopinavir,10.1080/10717544.2016.1199605,poloxamer188,acetone,False,84.6,1.6581145392461698,0.9088969838483737,0.949148822982713,-0.6852230849491467,0.19133563820235452,1.8573037087465416,0.9082968122729463,-0.6484813663703282,-0.42826008720369235,-0.07538158445504074,-0.4596341495827446,1.1664852244311101,-0.23051884107549298,0.0,1.0,0.0,0.0,1.0,0.0,0.0,0.0,0.0
106,lopinavir,lopinavir,lopinavir,10.1080/10717544.2016.1199605,poloxamer188,acetone,False,77.5,1.6581145392461698,0.9088969838483737,0.949148822982713,-0.6852230849491467,0.19133563820235452,1.8573037087465416,0.9082968122729463,-0.6484813663703282,-0.42826008720369235,0.3655063550942997,-0.4596341495827446,1.1664852244311101,-0.23051884107549298,0.0,1.0,0.0,0.0,1.0,0.0,0.0,0.0,0.0
107,lopinavir,lopinavir,lopinavir,10.1080/10717544.2016.1199605,poloxamer188,acetone,False,93.3,1.6581145392461698,0.9088969838483737,0.949148822982713,-0.6852230849491467,0.19133563820235452,1.8573037087465416,0.9082968122729463,-0.6484813663703282,1.707246339130916,-0.5162695240043812,-0.4596341495827446,1.1664852244311101,-0.23051884107549298,0.0,1.0,0.0,0.0,1.0,0.0,0.0,0.0,0.0
108,lopinavir,lopinavir,lopinavir,10.1080/10717544.2016.1199605,poloxamer188,acetone,False,91.4,1.6581145392461698,0.9088969838483737,0.949148822982713,-0.6852230849491467,0.19133563820235452,1.8573037087465416,0.9082968122729463,-0.6484813663703282,1.707246339130916,-0.07538158445504074,-0.4596341495827446,1.1664852244311101,-0.23051884107549298,0.0,1.0,0.0,0.0,1.0,0.0,0.0,0.0,0.0
109,lopinavir,lopinavir,lopinavir,10.1080/10717544.2016.1199605,poloxamer188,acetone,False,87.6,1.6581145392461698,0.9088969838483737,0.949148822982713,-0.6852230849491467,0.19133563820235452,1.8573037087465416,0.9082968122729463,-0.6484813663703282,1.707246339130916,0.3655063550942997,-0.4596341495827446,1.1664852244311101,-0.23051884107549298,0.0,1.0,0.0,0.0,1.0,0.0,0.0,0.0,0.0
110,lopinavir,lopinavir,lopinavir,10.1080/10717544.2016.1199605,poloxamer188,acetone,False,95.7,1.6581145392461698,0.9088969838483737,0.949148822982713,-0.6852230849491467,0.19133563820235452,1.8573037087465416,0.9082968122729463,-0.6484813663703282,0.2835753882411772,-0.5162695240043812,-0.4596341495827446,1.1664852244311101,-0.23051884107549298,0.0,1.0,0.0,0.0,1.0,0.0,0.0,0.0,0.0
111,lopinavir,lopinavir,lopinavir,10.1080/10717544.2016.1199605,poloxamer188,acetone,False,91.4,1.6581145392461698,0.9088969838483737,0.949148822982713,-0.6852230849491467,0.19133563820235452,1.8573037087465416,0.9082968122729463,-0.6484813663703282,0.2835753882411772,-0.07538158445504074,-0.4596341495827446,1.1664852244311101,-0.23051884107549298,0.0,1.0,0.0,0.0,1.0,0.0,0.0,0.0,0.0
112,lopinavir,lopinavir,lopinavir,10.1080/10717544.2016.1199605,poloxamer188,acetone,False,75.3,1.6581145392461698,0.9088969838483737,0.949148822982713,-0.6852230849491467,0.19133563820235452,1.8573037087465416,0.9082968122729463,-0.6484813663703282,0.2835753882411772,0.3655063550942997,-0.4596341495827446,1.1664852244311101,-0.23051884107549298,0.0,1.0,0.0,0.0,1.0,0.0,0.0,0.0,0.0
113,lopinavir,lopinavir,lopinavir,10.1080/10717544.2016.1199605,poloxamer188,acetone,False,93.8,1.6581145392461698,0.9088969838483737,0.949148822982713,-0.6852230849491467,0.19133563820235452,1.8573037087465416,0.9082968122729463,-0.6484813663703282,-0.1933543803068854,-0.5162695240043812,-0.4596341495827446,1.1664852244311101,-0.23051884107549298,0.0,1.0,0.0,0.0,1.0,0.0,0.0,0.0,0.0
114,lopinavir,lopinavir,lopinavir,10.1080/10717544.2016.1199605,poloxamer188,acetone,False,85.1,1.6581145392461698,0.9088969838483737,0.949148822982713,-0.6852230849491467,0.19133563820235452,1.8573037087465416,0.9082968122729463,-0.6484813663703282,-0.1933543803068854,-0.07538158445504074,-0.4596341495827446,1.1664852244311101,-0.23051884107549298,0.0,1.0,0.0,0.0,1.0,0.0,0.0,0.0,0.0
115,lopinavir,lopinavir,lopinavir,10.1080/10717544.2016.1199605,poloxamer188,acetone,False,71.1,1.6581145392461698,0.9088969838483737,0.949148822982713,-0.6852230849491467,0.19133563820235452,1.8573037087465416,0.9082968122729463,-0.6484813663703282,-0.1933543803068854,0.3655063550942997,-0.4596341495827446,1.1664852244311101,-0.23051884107549298,0.0,1.0,0.0,0.0,1.0,0.0,0.0,0.0,0.0
116,ropinirole-hydrochloride,ropinirole-hydrochloride,ropinirole,10.1080/09205063.2013.798880,TPGS,acetone,False,57.06,-0.4507629140781324,0.16020227140175286,-1.038153487253622,1.2742167292192423,-0.8457356781045259,-0.39450247948939704,-0.7056190111872477,0.8726051972285849,0.6394931259636119,-1.115877121791484,-0.07560095358433751,-0.7079118103423474,-0.23051884107549298,0.0,1.0,0.0,0.0,1.0,0.0,0.0,0.0,0.0
117,ropinirole-hydrochloride,ropinirole-hydrochloride,ropinirole,10.1080/09205063.2013.798880,TPGS,acetone,False,68.8,-0.4507629140781324,0.16020227140175286,-1.038153487253622,1.2742167292192423,-0.8457356781045259,-0.39450247948939704,-0.7056190111872477,0.8726051972285849,-0.5492721180293202,-0.9747929811356952,-0.07560095358433751,-0.7079118103423474,-0.23051884107549298,0.0,1.0,0.0,0.0,1.0,0.0,0.0,0.0,0.0
118,ropinirole-hydrochloride,ropinirole-hydrochloride,ropinirole,10.1080/09205063.2013.798880,TPGS,acetone,False,52.5,-0.4507629140781324,0.16020227140175286,-1.038153487253622,1.2742167292192423,-0.8457356781045259,-0.39450247948939704,-0.7056190111872477,0.8726051972285849,0.6394931259636119,-0.9747929811356952,-0.07560095358433751,-0.7079118103423474,-0.23051884107549298,0.0,1.0,0.0,0.0,1.0,0.0,0.0,0.0,0.0
119,ropinirole-hydrochloride,ropinirole-hydrochloride,ropinirole,10.1080/09205063.2013.798880,TPGS,acetone,False,64.5,-0.4507629140781324,0.16020227140175286,-1.038153487253622,1.2742167292192423,-0.8457356781045259,-0.39450247948939704,-0.7056190111872477,0.8726051972285849,-0.25030121834247504,-1.2569612624472732,-0.07560095358433751,-0.7079118103423474,-0.23051884107549298,0.0,1.0,0.0,0.0,1.0,0.0,0.0,0.0,0.0
120,ropinirole-hydrochloride,ropinirole-hydrochloride,ropinirole,10.1080/09205063.2013.798880,TPGS,acetone,False,63.8,-0.4507629140781324,0.16020227140175286,-1.038153487253622,1.2742167292192423,-0.8457356781045259,-0.39450247948939704,-0.7056190111872477,0.8726051972285849,-0.25030121834247504,-0.9747929811356952,-0.07560095358433751,-0.7079118103423474,-0.23051884107549298,0.0,1.0,0.0,0.0,1.0,0.0,0.0,0.0,0.0
121,ropinirole-hydrochloride,ropinirole-hydrochloride,ropinirole,10.1080/09205063.2013.798880,TPGS,acetone,False,72.3,-0.4507629140781324,0.16020227140175286,-1.038153487253622,1.2742167292192423,-0.8457356781045259,-0.39450247948939704,-0.7056190111872477,0.8726051972285849,-0.5492721180293202,-1.115877121791484,-0.07560095358433751,-0.7079118103423474,-0.23051884107549298,0.0,1.0,0.0,0.0,1.0,0.0,0.0,0.0,0.0
122,ropinirole-hydrochloride,ropinirole-hydrochloride,ropinirole,10.1080/09205063.2013.798880,TPGS,acetone,False,48.9,-0.4507629140781324,0.16020227140175286,-1.038153487253622,1.2742167292192423,-0.8457356781045259,-0.39450247948939704,-0.7056190111872477,0.8726051972285849,0.6394931259636119,-1.2569612624472732,-0.07560095358433751,-0.7079118103423474,-0.23051884107549298,0.0,1.0,0.0,0.0,1.0,0.0,0.0,0.0,0.0
123,ropinirole-hydrochloride,ropinirole-hydrochloride,ropinirole,10.1080/09205063.2013.798880,TPGS,acetone,False,66.9,-0.4507629140781324,0.16020227140175286,-1.038153487253622,1.2742167292192423,-0.8457356781045259,-0.39450247948939704,-0.7056190111872477,0.8726051972285849,-0.25030121834247504,-1.115877121791484,-0.07560095358433751,-0.7079118103423474,-0.23051884107549298,0.0,1.0,0.0,0.0,1.0,0.0,0.0,0.0,0.0
124,ropinirole-hydrochloride,ropinirole-hydrochloride,ropinirole,10.1080/09205063.2013.798880,TPGS,acetone,False,65.7,-0.4507629140781324,0.16020227140175286,-1.038153487253622,1.2742167292192423,-0.8457356781045259,-0.39450247948939704,-0.7056190111872477,0.8726051972285849,-0.5492721180293202,-1.2569612624472732,-0.07560095358433751,-0.7079118103423474,-0.23051884107549298,0.0,1.0,0.0,0.0,1.0,0.0,0.0,0.0,0.0
125,paclitaxel,paclitaxel,paclitaxel,10.1016/j.jddst.2019.101380,PVA,acetone,False,82.1,3.0881516013838137,0.4921706816375188,3.2454510247148414,0.8116880177202664,3.3025495871229955,1.8573037087465416,2.844995800425179,-0.21138752625569798,-0.7841778249261271,0.3655063550942997,-0.4596341495827446,-0.12216273697564192,-0.23051884107549298,0.0,1.0,0.0,0.0,1.0,0.0,0.0,0.0,0.0
126,paclitaxel,paclitaxel,paclitaxel,10.1016/j.jddst.2019.101380,PVA,acetone,False,87.8,3.0881516013838137,0.4921706816375188,3.2454510247148414,0.8116880177202664,3.3025495871229955,1.8573037087465416,2.844995800425179,-0.21138752625569798,-0.997728467559588,0.3655063550942997,-0.4596341495827446,-0.12216273697564192,-0.23051884107549298,0.0,1.0,0.0,0.0,1.0,0.0,0.0,0.0,0.0
127,paclitaxel,paclitaxel,paclitaxel,10.1016/j.jddst.2019.101380,PVA,acetone,False,80.4,3.0881516013838137,0.4921706816375188,3.2454510247148414,0.8116880177202664,3.3025495871229955,1.8573037087465416,2.844995800425179,-0.21138752625569798,-0.997728467559588,0.3655063550942997,-0.07560095358433751,-0.12216273697564192,-0.23051884107549298,0.0,1.0,0.0,0.0,1.0,0.0,0.0,0.0,0.0
128,paclitaxel,paclitaxel,paclitaxel,10.1016/j.jddst.2019.101380,PVA,acetone,False,80.1,3.0881516013838137,0.4921706816375188,3.2454510247148414,0.8116880177202664,3.3025495871229955,1.8573037087465416,2.844995800425179,-0.21138752625569798,-0.42826008720369235,0.3655063550942997,-0.4596341495827446,-0.12216273697564192,-0.23051884107549298,0.0,1.0,0.0,0.0,1.0,0.0,0.0,0.0,0.0
129,paclitaxel,paclitaxel,paclitaxel,10.1016/j.jddst.2019.101380,PVA,acetone,False,85.5,3.0881516013838137,0.4921706816375188,3.2454510247148414,0.8116880177202664,3.3025495871229955,1.8573037087465416,2.844995800425179,-0.21138752625569798,-0.855361372470614,0.3655063550942997,-0.4596341495827446,-0.12216273697564192,-0.23051884107549298,0.0,1.0,0.0,0.0,1.0,0.0,0.0,0.0,0.0
130,paclitaxel,paclitaxel,paclitaxel,10.1016/j.jddst.2019.101380,PVA,acetone,False,80.2,3.0881516013838137,0.4921706816375188,3.2454510247148414,0.8116880177202664,3.3025495871229955,1.8573037087465416,2.844995800425179,-0.21138752625569798,-0.855361372470614,0.3655063550942997,-0.07560095358433751,-0.12216273697564192,-0.23051884107549298,0.0,1.0,0.0,0.0,1.0,0.0,0.0,0.0,0.0
131,azithromycin,azithromycin,azithromycin,10.1016/j.colsurfb.2010.05.027,PVA,acetone,False,78.5,2.4216352824309397,-0.8074503286471816,2.3111967673016616,-0.8786441824850821,3.3025495871229955,2.6079057714918545,2.5222126357331405,-0.718416380788669,1.2303165705828536,2.1290581132916615,2.2285982224061054,-0.12216273697564192,-0.23051884107549298,0.0,1.0,0.0,0.0,1.0,0.0,0.0,0.0,0.0
132,azithromycin,azithromycin,azithromycin,10.1016/j.colsurfb.2010.05.027,PVA,acetone,False,66.8,2.4216352824309397,-0.8074503286471816,2.3111967673016616,-0.8786441824850821,3.3025495871229955,2.6079057714918545,2.5222126357331405,-0.718416380788669,2.4190818145757853,2.1290581132916615,2.2285982224061054,-0.12216273697564192,-0.23051884107549298,0.0,1.0,0.0,0.0,1.0,0.0,0.0,0.0,0.0
133,azithromycin,azithromycin,azithromycin,10.1016/j.colsurfb.2010.05.027,PVA,acetone,False,50.5,2.4216352824309397,-0.8074503286471816,2.3111967673016616,-0.8786441824850821,3.3025495871229955,2.6079057714918545,2.5222126357331405,-0.718416380788669,5.978259191800133,2.1290581132916615,2.2285982224061054,-0.12216273697564192,-0.23051884107549298,0.0,1.0,0.0,0.0,1.0,0.0,0.0,0.0,0.0
134,rhodamine-B,rhodamine-b,rhodamine-b,10.3390/nano11030749,poloxamer407,acetone,False,47.0,0.706556405277898,0.6263706772647433,-0.5226246880889602,-0.020863662977890364,-0.5000452393355658,-0.39450247948939704,-0.06005268180317012,-1.054104449996705,-1.0831487246129723,-1.2216902272833259,1.0764986344108838,0.17071179970771083,-0.23051884107549298,0.0,1.0,0.0,0.0,1.0,0.0,0.0,0.0,0.0
135,rhodamine-B,rhodamine-b,rhodamine-b,10.3390/nano11030749,poloxamer407,acetone,False,56.0,0.706556405277898,0.6263706772647433,-0.5226246880889602,-0.020863662977890364,-0.5000452393355658,-0.39450247948939704,-0.06005268180317012,-1.0261304442293686,-1.0831487246129723,-1.2216902272833259,1.0764986344108838,0.17071179970771083,-0.23051884107549298,0.0,1.0,0.0,0.0,0.0,0.0,1.0,0.0,0.0
136,rhodamine-B,rhodamine-b,rhodamine-b,10.3390/nano11030749,poloxamer407,acetone,False,18.0,0.706556405277898,0.6263706772647433,-0.5226246880889602,-0.020863662977890364,-0.5000452393355658,-0.39450247948939704,-0.06005268180317012,-0.5435788447428169,-1.0831487246129723,-1.2216902272833259,1.0764986344108838,0.17071179970771083,-0.23051884107549298,0.0,1.0,0.0,0.0,1.0,0.0,0.0,0.0,0.0
137,coumarin-6,coumarin-6,coumarin-6,10.1007/s00396-016-4007-3,none,acetone,False,52.3,-0.11026277401070869,1.3256232860592285,-0.7207654842498724,0.7696399530385413,0.19133563820235452,-1.14510454223471,-0.3828358464952089,0.9600239652515109,-1.1258588531396645,-1.398045403103062,-0.36362585058314284,-2.2308594010957816,-0.23051884107549298,0.0,1.0,0.0,0.0,1.0,0.0,0.0,0.0,0.0
138,coumarin-6,coumarin-6,coumarin-6,10.1007/s00396-016-4007-3,none,tetrahydrofuran,False,49.2,-0.11026277401070869,1.3256232860592285,-0.7207654842498724,0.7696399530385413,0.19133563820235452,-1.14510454223471,-0.3828358464952089,0.9600239652515109,-1.1258588531396645,-1.398045403103062,-0.36362585058314284,-2.2308594010957816,-2.526001195364072,0.0,1.0,0.0,0.0,1.0,0.0,0.0,0.0,0.0
139,coumarin-6,coumarin-6,coumarin-6,10.1007/s00396-016-4007-3,none,acetone,False,25.5,-0.11026277401070869,1.3256232860592285,-0.7207654842498724,0.7696399530385413,0.19133563820235452,-1.14510454223471,-0.3828358464952089,0.9600239652515109,-1.1045037888763183,-1.398045403103062,-0.36362585058314284,-2.2308594010957816,-0.23051884107549298,0.0,1.0,0.0,0.0,1.0,0.0,0.0,0.0,0.0
140,coumarin-6,coumarin-6,coumarin-6,10.1007/s00396-016-4007-3,none,tetrahydrofuran,False,28.0,-0.11026277401070869,1.3256232860592285,-0.7207654842498724,0.7696399530385413,0.19133563820235452,-1.14510454223471,-0.3828358464952089,0.9600239652515109,-1.1045037888763183,-1.398045403103062,-0.36362585058314284,-2.2308594010957816,-2.526001195364072,0.0,1.0,0.0,0.0,1.0,0.0,0.0,0.0,0.0
141,coumarin-6,coumarin-6,coumarin-6,10.1007/s00396-016-4007-3,none,acetone,False,3.8,-0.11026277401070869,1.3256232860592285,-0.7207654842498724,0.7696399530385413,0.19133563820235452,-1.14510454223471,-0.3828358464952089,0.9600239652515109,-0.7841778249261271,-1.398045403103062,-0.36362585058314284,-2.2308594010957816,-0.23051884107549298,0.0,1.0,0.0,0.0,1.0,0.0,0.0,0.0,0.0
142,coumarin-6,coumarin-6,coumarin-6,10.1007/s00396-016-4007-3,none,tetrahydrofuran,False,6.4,-0.11026277401070869,1.3256232860592285,-0.7207654842498724,0.7696399530385413,0.19133563820235452,-1.14510454223471,-0.3828358464952089,0.9600239652515109,-0.7841778249261271,-1.398045403103062,-0.36362585058314284,-2.2308594010957816,-2.526001195364072,0.0,1.0,0.0,0.0,1.0,0.0,0.0,0.0,0.0
144,coumarin-6,coumarin-6,coumarin-6,10.1007/s00396-016-4007-3,none,acetone,False,25.7,-0.11026277401070869,1.3256232860592285,-0.7207654842498724,0.7696399530385413,0.19133563820235452,-1.14510454223471,-0.3828358464952089,1.4845365733890672,-1.1045037888763183,-1.398045403103062,-0.36362585058314284,-2.2308594010957816,-0.23051884107549298,0.0,1.0,0.0,0.0,0.0,1.0,0.0,0.0,0.0
145,coumarin-6,coumarin-6,coumarin-6,10.1007/s00396-016-4007-3,none,acetone,False,30.1,-0.11026277401070869,1.3256232860592285,-0.7207654842498724,0.7696399530385413,0.19133563820235452,-1.14510454223471,-0.3828358464952089,1.4845365733890672,-1.1045037888763183,-1.398045403103062,-0.36362585058314284,-2.2308594010957816,-0.23051884107549298,0.0,1.0,0.0,0.0,0.0,0.0,0.0,0.0,1.0
146,coumarin-6,coumarin-6,coumarin-6,10.1007/s00396-016-4007-3,none,acetone,False,13.7,-0.11026277401070869,1.3256232860592285,-0.7207654842498724,0.7696399530385413,0.19133563820235452,-1.14510454223471,-0.3828358464952089,0.9600239652515109,-1.1045037888763183,-1.398045403103062,1.0764986344108838,-2.2308594010957816,-0.23051884107549298,0.0,1.0,0.0,0.0,1.0,0.0,0.0,0.0,0.0
147,coumarin-6,coumarin-6,coumarin-6,10.1007/s00396-016-4007-3,none,acetone,False,7.4,-0.11026277401070869,1.3256232860592285,-0.7207654842498724,0.7696399530385413,0.19133563820235452,-1.14510454223471,-0.3828358464952089,0.9600239652515109,-1.1045037888763183,-1.398045403103062,-0.36362585058314284,-2.2308594010957816,-0.23051884107549298,0.0,1.0,0.0,0.0,1.0,0.0,0.0,0.0,0.0
148,coumarin-6,coumarin-6,coumarin-6,10.1007/s00396-016-4007-3,none,acetone,False,8.1,-0.11026277401070869,1.3256232860592285,-0.7207654842498724,0.7696399530385413,0.19133563820235452,-1.14510454223471,-0.3828358464952089,0.9600239652515109,-1.1045037888763183,-1.398045403103062,-0.17160925258393928,-2.2308594010957816,-0.23051884107549298,0.0,1.0,0.0,0.0,1.0,0.0,0.0,0.0,0.0
150,coumarin-6,coumarin-6,coumarin-6,10.1007/s00396-016-4007-3,none,acetone,False,32.4,-0.11026277401070869,1.3256232860592285,-0.7207654842498724,0.7696399530385413,0.19133563820235452,-1.14510454223471,-0.3828358464952089,0.9600239652515109,-1.1045037888763183,-1.398045403103062,-0.4596341495827446,-2.2308594010957816,-0.23051884107549298,0.0,1.0,0.0,0.0,1.0,0.0,0.0,0.0,0.0
151,itraconazole,itraconazole,itraconazole,10.2147/IJN.S54040,poloxamer188,acetone,False,61.0,2.146249441536857,1.791791691922219,0.602289076842901,-0.0006805919306625113,2.6111687095850753,-1.14510454223471,2.5222126357331405,0.43551135711395467,0.2835753882411772,-0.8689798756438535,1.0764986344108838,1.1664852244311101,-0.23051884107549298,0.0,1.0,0.0,0.0,1.0,0.0,0.0,0.0,0.0
152,itraconazole,itraconazole,itraconazole,10.2147/IJN.S54040,poloxamer188,acetone,False,72.0,2.146249441536857,1.791791691922219,0.602289076842901,-0.0006805919306625113,2.6111687095850753,-1.14510454223471,2.5222126357331405,0.43551135711395467,-0.42826008720369235,-0.8689798756438535,1.0764986344108838,1.1664852244311101,-0.23051884107549298,0.0,1.0,0.0,0.0,1.0,0.0,0.0,0.0,0.0
153,itraconazole,itraconazole,itraconazole,10.2147/IJN.S54040,poloxamer188,acetone,False,73.0,2.146249441536857,1.791791691922219,0.602289076842901,-0.0006805919306625113,2.6111687095850753,-1.14510454223471,2.5222126357331405,0.43551135711395467,-0.6631657941004993,-0.8689798756438535,1.0764986344108838,1.1664852244311101,-0.23051884107549298,0.0,1.0,0.0,0.0,1.0,0.0,0.0,0.0,0.0
154,rhodamine-123,rhodamine-123,rhodamine-123,10.2147/IJN.S130908,PVA,acetone,False,55.3,0.08279318227005619,-1.0970397928954028,0.26087026789743883,1.1564821481104122,-0.1543548005666056,0.3560995832559158,-0.06005268180317012,-0.718416380788669,-0.7841778249261271,0.3655063550942997,-0.26761755158354106,-0.12216273697564192,-0.23051884107549298,0.0,1.0,0.0,0.0,1.0,0.0,0.0,0.0,0.0
155,gatifloxacin,gatifloxacin,gatifloxacin,10.2147/IJN.S130908,PVA,acetone,False,34.1,0.04829848524456903,-0.7509450673304554,0.12847412950158893,0.021184401703834725,0.5370260769713147,0.3560995832559158,0.5855136475809075,-0.718416380788669,-0.42826008720369235,0.3655063550942997,-0.26761755158354106,-0.12216273697564192,-0.23051884107549298,0.0,1.0,0.0,0.0,1.0,0.0,0.0,0.0,0.0
156,finasteride,finasteride,finasteride,10.1177/0883911520913906,poloxamer407,acetonitrile,False,80.56,0.030193533767103622,0.5416127852896541,-0.4518925045624102,1.4592282138188328,-0.8457356781045259,0.3560995832559158,-0.7056190111872477,2.009049181526623,-0.42826008720369235,-0.5162695240043812,1.0764986344108838,0.17071179970771083,1.230242657108149,0.0,1.0,0.0,0.0,0.0,0.0,0.0,1.0,0.0
157,finasteride,finasteride,finasteride,10.1177/0883911520913906,poloxamer407,acetonitrile,False,90.72,0.030193533767103622,0.5416127852896541,-0.4518925045624102,1.4592282138188328,-0.8457356781045259,0.3560995832559158,-0.7056190111872477,2.009049181526623,-0.7841778249261271,-0.5162695240043812,1.0764986344108838,0.17071179970771083,1.230242657108149,0.0,1.0,0.0,0.0,0.0,0.0,0.0,1.0,0.0
158,finasteride,finasteride,finasteride,10.1177/0883911520913906,poloxamer407,acetonitrile,False,98.9,0.030193533767103622,0.5416127852896541,-0.4518925045624102,1.4592282138188328,-0.8457356781045259,0.3560995832559158,-0.7056190111872477,2.009049181526623,-0.9051898557517549,-0.5162695240043812,1.0764986344108838,0.17071179970771083,1.230242657108149,0.0,1.0,0.0,0.0,0.0,0.0,0.0,1.0,0.0
159,finasteride,finasteride,finasteride,10.1177/0883911520913906,poloxamer407,acetonitrile,False,92.06,0.030193533767103622,0.5416127852896541,-0.4518925045624102,1.4592282138188328,-0.8457356781045259,0.3560995832559158,-0.7056190111872477,2.009049181526623,-0.42826008720369235,-0.9571574635537216,1.0764986344108838,0.17071179970771083,1.230242657108149,0.0,1.0,0.0,0.0,0.0,0.0,0.0,1.0,0.0
160,finasteride,finasteride,finasteride,10.1177/0883911520913906,poloxamer407,acetonitrile,False,85.47,0.030193533767103622,0.5416127852896541,-0.4518925045624102,1.4592282138188328,-0.8457356781045259,0.3560995832559158,-0.7056190111872477,2.009049181526623,-0.42826008720369235,-0.5162695240043812,1.0764986344108838,0.17071179970771083,1.230242657108149,0.0,1.0,0.0,0.0,0.0,0.0,0.0,1.0,0.0
161,finasteride,finasteride,finasteride,10.1177/0883911520913906,poloxamer407,acetonitrile,False,80.28,0.030193533767103622,0.5416127852896541,-0.4518925045624102,1.4592282138188328,-0.8457356781045259,0.3560995832559158,-0.7056190111872477,2.009049181526623,-0.42826008720369235,0.3655063550942997,1.0764986344108838,0.17071179970771083,1.230242657108149,0.0,1.0,0.0,0.0,0.0,0.0,0.0,1.0,0.0
162,finasteride,finasteride,finasteride,10.1177/0883911520913906,poloxamer407,acetonitrile,False,85.07,0.030193533767103622,0.5416127852896541,-0.4518925045624102,1.4592282138188328,-0.8457356781045259,0.3560995832559158,-0.7056190111872477,2.009049181526623,-0.42826008720369235,-0.5162695240043812,1.0764986344108838,0.17071179970771083,1.230242657108149,0.0,1.0,0.0,0.0,0.0,0.0,0.0,1.0,0.0
163,finasteride,finasteride,finasteride,10.1177/0883911520913906,poloxamer407,acetonitrile,False,90.52,0.030193533767103622,0.5416127852896541,-0.4518925045624102,1.4592282138188328,-0.8457356781045259,0.3560995832559158,-0.7056190111872477,2.009049181526623,-0.42826008720369235,-0.5162695240043812,1.0764986344108838,0.17071179970771083,1.230242657108149,0.0,1.0,0.0,0.0,0.0,0.0,0.0,1.0,0.0
164,finasteride,finasteride,finasteride,10.1177/0883911520913906,poloxamer407,acetonitrile,False,92.85,0.030193533767103622,0.5416127852896541,-0.4518925045624102,1.4592282138188328,-0.8457356781045259,0.3560995832559158,-0.7056190111872477,2.009049181526623,-0.42826008720369235,-0.5162695240043812,1.0764986344108838,0.17071179970771083,1.230242657108149,0.0,1.0,0.0,0.0,0.0,0.0,0.0,1.0,0.0
165,zinc-protoporphyrin,zinc-protoporphyrin,zinc-protoporphyrin,10.1007/s11095-014-1313-7,none,DMSO,False,64.3,1.6341651823794874,0.8170759342086938,0.583245796662676,2.2497318298352647,0.5370260769713147,-1.14510454223471,0.9082968122729463,0.540413878741466,0.10561651937995963,-1.398045403103062,0.11641564441486606,-2.2308594010957816,4.151765653475433,0.0,1.0,0.0,0.0,1.0,0.0,0.0,0.0,0.0
166,zinc-protoporphyrin,zinc-protoporphyrin,zinc-protoporphyrin,10.1007/s11095-014-1313-7,none,DMSO,False,43.0,1.6341651823794874,0.8170759342086938,0.583245796662676,2.2497318298352647,0.5370260769713147,-1.14510454223471,0.9082968122729463,0.540413878741466,-0.7343493416449863,-1.398045403103062,6.8369965743869905,-2.2308594010957816,4.151765653475433,0.0,1.0,0.0,0.0,1.0,0.0,0.0,0.0,0.0
167,zinc-protoporphyrin,zinc-protoporphyrin,zinc-protoporphyrin,10.1007/s11095-014-1313-7,none,DMSO,False,48.7,1.6341651823794874,0.8170759342086938,0.583245796662676,2.2497318298352647,0.5370260769713147,-1.14510454223471,0.9082968122729463,0.540413878741466,-0.42826008720369235,-1.398045403103062,3.4767061094009284,-2.2308594010957816,4.151765653475433,0.0,1.0,0.0,0.0,1.0,0.0,0.0,0.0,0.0
168,zinc-protoporphyrin,zinc-protoporphyrin,zinc-protoporphyrin,10.1007/s11095-014-1313-7,none,DMSO,False,50.7,1.6341651823794874,0.8170759342086938,0.583245796662676,2.2497318298352647,0.5370260769713147,-1.14510454223471,0.9082968122729463,0.540413878741466,-0.42826008720369235,-1.398045403103062,3.4767061094009284,-2.2308594010957816,4.151765653475433,0.0,1.0,0.0,0.0,1.0,0.0,0.0,0.0,0.0
169,zinc-protoporphyrin,zinc-protoporphyrin,zinc-protoporphyrin,10.1007/s11095-014-1313-7,none,DMSO,False,33.4,1.6341651823794874,0.8170759342086938,0.583245796662676,2.2497318298352647,0.5370260769713147,-1.14510454223471,0.9082968122729463,0.540413878741466,0.6394931259636119,-1.398045403103062,3.4767061094009284,-2.2308594010957816,4.151765653475433,0.0,1.0,0.0,0.0,1.0,0.0,0.0,0.0,0.0
170,zinc-protoporphyrin,zinc-protoporphyrin,zinc-protoporphyrin,10.1007/s11095-014-1313-7,none,DMSO,False,47.3,1.6341651823794874,0.8170759342086938,0.583245796662676,2.2497318298352647,0.5370260769713147,-1.14510454223471,0.9082968122729463,0.540413878741466,-0.42826008720369235,-1.398045403103062,3.4767061094009284,-2.2308594010957816,4.151765653475433,0.0,1.0,0.0,0.0,1.0,0.0,0.0,0.0,0.0
171,zinc-protoporphyrin,zinc-protoporphyrin,zinc-protoporphyrin,10.1007/s11095-014-1313-7,none,DMSO,False,33.9,1.6341651823794874,0.8170759342086938,0.583245796662676,2.2497318298352647,0.5370260769713147,-1.14510454223471,0.9082968122729463,0.540413878741466,0.10561651937995963,-1.398045403103062,6.8369965743869905,-2.2308594010957816,4.151765653475433,0.0,1.0,0.0,0.0,1.0,0.0,0.0,0.0,0.0
172,zinc-protoporphyrin,zinc-protoporphyrin,zinc-protoporphyrin,10.1007/s11095-014-1313-7,none,DMSO,False,30.6,1.6341651823794874,0.8170759342086938,0.583245796662676,2.2497318298352647,0.5370260769713147,-1.14510454223471,0.9082968122729463,0.540413878741466,-0.1221708327623986,-1.398045403103062,6.8369965743869905,-2.2308594010957816,4.151765653475433,0.0,1.0,0.0,0.0,1.0,0.0,0.0,0.0,0.0
173,zinc-protoporphyrin,zinc-protoporphyrin,zinc-protoporphyrin,10.1007/s11095-014-1313-7,none,DMSO,False,56.3,1.6341651823794874,0.8170759342086938,0.583245796662676,2.2497318298352647,0.5370260769713147,-1.14510454223471,0.9082968122729463,0.540413878741466,-0.6418107298371531,-1.398045403103062,6.8369965743869905,-2.2308594010957816,4.151765653475433,0.0,1.0,0.0,0.0,1.0,0.0,0.0,0.0,0.0
174,zinc-protoporphyrin,zinc-protoporphyrin,zinc-protoporphyrin,10.1007/s11095-014-1313-7,none,DMSO,False,60.5,1.6341651823794874,0.8170759342086938,0.583245796662676,2.2497318298352647,0.5370260769713147,-1.14510454223471,0.9082968122729463,0.540413878741466,-0.7343493416449863,-1.398045403103062,0.11641564441486606,-2.2308594010957816,4.151765653475433,0.0,1.0,0.0,0.0,1.0,0.0,0.0,0.0,0.0
175,zinc-protoporphyrin,zinc-protoporphyrin,zinc-protoporphyrin,10.1007/s11095-014-1313-7,none,DMSO,False,71.5,1.6341651823794874,0.8170759342086938,0.583245796662676,2.2497318298352647,0.5370260769713147,-1.14510454223471,0.9082968122729463,0.540413878741466,-0.855361372470614,-1.398045403103062,3.4767061094009284,-2.2308594010957816,4.151765653475433,0.0,1.0,0.0,0.0,1.0,0.0,0.0,0.0,0.0
176,zinc-protoporphyrin,zinc-protoporphyrin,zinc-protoporphyrin,10.1007/s11095-014-1313-7,none,DMSO,False,49.4,1.6341651823794874,0.8170759342086938,0.583245796662676,2.2497318298352647,0.5370260769713147,-1.14510454223471,0.9082968122729463,0.540413878741466,-0.42826008720369235,-1.398045403103062,3.4767061094009284,-2.2308594010957816,4.151765653475433,0.0,1.0,0.0,0.0,1.0,0.0,0.0,0.0,0.0
177,zinc-protoporphyrin,zinc-protoporphyrin,zinc-protoporphyrin,10.1007/s11095-014-1313-7,none,DMSO,False,60.6,1.6341651823794874,0.8170759342086938,0.583245796662676,2.2497318298352647,0.5370260769713147,-1.14510454223471,0.9082968122729463,0.540413878741466,-0.42826008720369235,-1.398045403103062,3.4767061094009284,-2.2308594010957816,4.151765653475433,0.0,1.0,0.0,0.0,1.0,0.0,0.0,0.0,0.0
178,zinc-protoporphyrin,zinc-protoporphyrin,zinc-protoporphyrin,10.1007/s11095-014-1313-7,none,DMSO,False,51.7,1.6341651823794874,0.8170759342086938,0.583245796662676,2.2497318298352647,0.5370260769713147,-1.14510454223471,0.9082968122729463,0.540413878741466,-0.42826008720369235,-1.398045403103062,3.4767061094009284,-2.2308594010957816,4.151765653475433,0.0,1.0,0.0,0.0,1.0,0.0,0.0,0.0,0.0
179,zinc-protoporphyrin,zinc-protoporphyrin,zinc-protoporphyrin,10.1007/s11095-014-1313-7,none,DMSO,False,79.0,1.6341651823794874,0.8170759342086938,0.583245796662676,2.2497318298352647,0.5370260769713147,-1.14510454223471,0.9082968122729463,0.540413878741466,-0.6418107298371531,-1.398045403103062,0.11641564441486606,-2.2308594010957816,4.151765653475433,0.0,1.0,0.0,0.0,1.0,0.0,0.0,0.0,0.0
180,zinc-protoporphyrin,zinc-protoporphyrin,zinc-protoporphyrin,10.1007/s11095-014-1313-7,none,DMSO,False,59.0,1.6341651823794874,0.8170759342086938,0.583245796662676,2.2497318298352647,0.5370260769713147,-1.14510454223471,0.9082968122729463,0.540413878741466,-0.42826008720369235,-1.398045403103062,3.4767061094009284,-2.2308594010957816,4.151765653475433,0.0,1.0,0.0,0.0,1.0,0.0,0.0,0.0,0.0
181,zinc-protoporphyrin,zinc-protoporphyrin,zinc-protoporphyrin,10.1007/s11095-014-1313-7,none,DMSO,False,50.4,1.6341651823794874,0.8170759342086938,0.583245796662676,2.2497318298352647,0.5370260769713147,-1.14510454223471,0.9082968122729463,0.540413878741466,-0.1221708327623986,-1.398045403103062,0.11641564441486606,-2.2308594010957816,4.151765653475433,0.0,1.0,0.0,0.0,1.0,0.0,0.0,0.0,0.0
182,artemether,artemether,artemether,10.1016/j.ijpharm.2021.120820,PVA,acetone,False,78.5,-0.44097988766574736,-0.14351350817565,-0.7250728928620662,-1.3327632810477132,0.19133563820235452,-1.14510454223471,-0.3828358464952089,0.43551135711395467,-0.6631657941004993,-0.5162695240043812,-0.26761755158354106,-0.12216273697564192,-0.23051884107549298,0.0,1.0,0.0,0.0,1.0,0.0,0.0,0.0,0.0
183,artemether,artemether,artemether,10.1016/j.ijpharm.2021.120820,PVA,acetone,False,80.0,-0.44097988766574736,-0.14351350817565,-0.7250728928620662,-1.3327632810477132,0.19133563820235452,-1.14510454223471,-0.3828358464952089,0.43551135711395467,-0.6631657941004993,0.3655063550942997,-0.26761755158354106,-0.12216273697564192,-0.23051884107549298,0.0,1.0,0.0,0.0,1.0,0.0,0.0,0.0,0.0
184,artemether,artemether,artemether,10.1016/j.ijpharm.2021.120820,PVA,acetone,False,78.3,-0.44097988766574736,-0.14351350817565,-0.7250728928620662,-1.3327632810477132,0.19133563820235452,-1.14510454223471,-0.3828358464952089,0.43551135711395467,-0.1933543803068854,0.3655063550942997,-0.26761755158354106,-0.12216273697564192,-0.23051884107549298,0.0,1.0,0.0,0.0,1.0,0.0,0.0,0.0,0.0
185,artemether,artemether,artemether,10.1016/j.ijpharm.2021.120820,PVA,acetone,False,80.6,-0.44097988766574736,-0.14351350817565,-0.7250728928620662,-1.3327632810477132,0.19133563820235452,-1.14510454223471,-0.3828358464952089,0.43551135711395467,-0.1933543803068854,-0.5162695240043812,-0.26761755158354106,-0.12216273697564192,-0.23051884107549298,0.0,1.0,0.0,0.0,1.0,0.0,0.0,0.0,0.0
186,artemether,artemether,artemether,10.1016/j.ijpharm.2021.120820,PVA,acetone,False,86.9,-0.44097988766574736,-0.14351350817565,-0.7250728928620662,-1.3327632810477132,0.19133563820235452,-1.14510454223471,-0.3828358464952089,0.43551135711395467,-0.1933543803068854,-0.5162695240043812,-0.4596341495827446,-0.12216273697564192,-0.23051884107549298,0.0,1.0,0.0,0.0,1.0,0.0,0.0,0.0,0.0
187,flurbiprofen,flurbiprofen,flurbiprofen,10.1002/jps.20685,poloxamer188,acetone,False,92.07,-0.7847198611554541,0.4497917356499742,-0.9257074519037223,-0.9442391633885734,-1.191426116873486,-0.39450247948939704,-1.0284021758792865,2.2887892391999864,-0.1506442517801932,0.3655063550942997,-0.4596341495827446,1.1664852244311101,-0.23051884107549298,0.0,0.0,0.0,1.0,0.0,0.0,0.0,1.0,0.0
188,flurbiprofen,flurbiprofen,flurbiprofen,10.1002/jps.20685,poloxamer188,acetone,False,74.4,-0.7847198611554541,0.4497917356499742,-0.9257074519037223,-0.9442391633885734,-1.191426116873486,-0.39450247948939704,-1.0284021758792865,2.2887892391999864,-0.1506442517801932,0.3655063550942997,-0.4596341495827446,1.1664852244311101,-0.23051884107549298,1.0,0.0,0.0,0.0,0.0,0.0,0.0,1.0,0.0
189,flurbiprofen,flurbiprofen,flurbiprofen,10.1002/jps.20685,poloxamer188,acetone,False,94.6,-0.7847198611554541,0.4497917356499742,-0.9257074519037223,-0.9442391633885734,-1.191426116873486,-0.39450247948939704,-1.0284021758792865,2.2887892391999864,1.8282583699565436,0.3655063550942997,-0.4596341495827446,1.1664852244311101,-0.23051884107549298,0.0,0.0,0.0,1.0,0.0,0.0,0.0,1.0,0.0
190,flurbiprofen,flurbiprofen,flurbiprofen,10.1002/jps.20685,poloxamer188,acetone,False,87.3,-0.7847198611554541,0.4497917356499742,-0.9257074519037223,-0.9442391633885734,-1.191426116873486,-0.39450247948939704,-1.0284021758792865,2.2887892391999864,1.8282583699565436,0.3655063550942997,-0.4596341495827446,1.1664852244311101,-0.23051884107549298,1.0,0.0,0.0,0.0,0.0,0.0,0.0,1.0,0.0
191,flurbiprofen,flurbiprofen,flurbiprofen,10.1002/jps.20685,poloxamer188,acetone,False,97.53,-0.7847198611554541,0.4497917356499742,-0.9257074519037223,-0.9442391633885734,-1.191426116873486,-0.39450247948939704,-1.0284021758792865,2.2887892391999864,-0.1506442517801932,2.1290581132916615,-0.4596341495827446,1.1664852244311101,-0.23051884107549298,1.0,0.0,0.0,0.0,0.0,0.0,0.0,1.0,0.0
192,flurbiprofen,flurbiprofen,flurbiprofen,10.1002/jps.20685,poloxamer188,acetone,False,80.05,-0.7847198611554541,0.4497917356499742,-0.9257074519037223,-0.9442391633885734,-1.191426116873486,-0.39450247948939704,-1.0284021758792865,2.2887892391999864,-0.1506442517801932,2.1290581132916615,-0.4596341495827446,1.1664852244311101,-0.23051884107549298,1.0,0.0,0.0,0.0,0.0,0.0,0.0,1.0,0.0
193,flurbiprofen,flurbiprofen,flurbiprofen,10.1002/jps.20685,poloxamer188,acetone,False,93.55,-0.7847198611554541,0.4497917356499742,-0.9257074519037223,-0.9442391633885734,-1.191426116873486,-0.39450247948939704,-1.0284021758792865,2.2887892391999864,1.8282583699565436,2.1290581132916615,-0.4596341495827446,1.1664852244311101,-0.23051884107549298,0.0,0.0,0.0,1.0,0.0,0.0,0.0,1.0,0.0
194,flurbiprofen,flurbiprofen,flurbiprofen,10.1002/jps.20685,poloxamer188,acetone,False,89.39,-0.7847198611554541,0.4497917356499742,-0.9257074519037223,-0.9442391633885734,-1.191426116873486,-0.39450247948939704,-1.0284021758792865,2.2887892391999864,1.8282583699565436,2.1290581132916615,-0.4596341495827446,1.1664852244311101,-0.23051884107549298,1.0,0.0,0.0,0.0,0.0,0.0,0.0,1.0,0.0
195,flurbiprofen,flurbiprofen,flurbiprofen,10.1002/jps.20685,poloxamer188,acetone,False,85.42,-0.7847198611554541,0.4497917356499742,-0.9257074519037223,-0.9442391633885734,-1.191426116873486,-0.39450247948939704,-1.0284021758792865,2.2887892391999864,0.8388070590881754,1.2472822341929806,-0.4596341495827446,1.1664852244311101,-0.23051884107549298,0.0,1.0,0.0,0.0,0.0,0.0,0.0,1.0,0.0
196,flurbiprofen,flurbiprofen,flurbiprofen,10.1002/jps.20685,poloxamer188,acetone,False,94.16,-0.7847198611554541,0.4497917356499742,-0.9257074519037223,-0.9442391633885734,-1.191426116873486,-0.39450247948939704,-1.0284021758792865,2.2887892391999864,0.8388070590881754,1.2472822341929806,-0.4596341495827446,1.1664852244311101,-0.23051884107549298,0.0,0.0,0.0,1.0,0.0,0.0,0.0,1.0,0.0
197,flurbiprofen,flurbiprofen,flurbiprofen,10.1002/jps.20685,poloxamer188,acetone,False,88.65,-0.7847198611554541,0.4497917356499742,-0.9257074519037223,-0.9442391633885734,-1.191426116873486,-0.39450247948939704,-1.0284021758792865,2.2887892391999864,2.497383716874721,1.2472822341929806,-0.4596341495827446,1.1664852244311101,-0.23051884107549298,1.0,0.0,0.0,0.0,0.0,0.0,0.0,1.0,0.0
198,flurbiprofen,flurbiprofen,flurbiprofen,10.1002/jps.20685,poloxamer188,acetone,False,89.62,-0.7847198611554541,0.4497917356499742,-0.9257074519037223,-0.9442391633885734,-1.191426116873486,-0.39450247948939704,-1.0284021758792865,2.2887892391999864,-0.8268879534528193,1.2472822341929806,-0.4596341495827446,1.1664852244311101,-0.23051884107549298,1.0,0.0,0.0,0.0,0.0,0.0,0.0,1.0,0.0
199,flurbiprofen,flurbiprofen,flurbiprofen,10.1002/jps.20685,poloxamer188,acetone,False,85.37,-0.7847198611554541,0.4497917356499742,-0.9257074519037223,-0.9442391633885734,-1.191426116873486,-0.39450247948939704,-1.0284021758792865,2.2887892391999864,0.8388070590881754,2.728665711078764,-0.4596341495827446,1.1664852244311101,-0.23051884107549298,1.0,0.0,0.0,0.0,0.0,0.0,0.0,1.0,0.0
200,flurbiprofen,flurbiprofen,flurbiprofen,10.1002/jps.20685,poloxamer188,acetone,False,84.74,-0.7847198611554541,0.4497917356499742,-0.9257074519037223,-0.9442391633885734,-1.191426116873486,-0.39450247948939704,-1.0284021758792865,2.2887892391999864,0.8388070590881754,-0.23410124269280325,-0.4596341495827446,1.1664852244311101,-0.23051884107549298,1.0,0.0,0.0,0.0,0.0,0.0,0.0,1.0,0.0
201,flurbiprofen,flurbiprofen,flurbiprofen,10.1002/jps.20685,poloxamer188,acetone,False,81.33,-0.7847198611554541,0.4497917356499742,-0.9257074519037223,-0.9442391633885734,-1.191426116873486,-0.39450247948939704,-1.0284021758792865,2.2887892391999864,0.8388070590881754,1.2472822341929806,-0.4596341495827446,1.1664852244311101,-0.23051884107549298,1.0,0.0,0.0,0.0,0.0,0.0,0.0,1.0,0.0
202,flurbiprofen,flurbiprofen,flurbiprofen,10.1002/jps.20685,poloxamer188,acetone,False,80.68,-0.7847198611554541,0.4497917356499742,-0.9257074519037223,-0.9442391633885734,-1.191426116873486,-0.39450247948939704,-1.0284021758792865,2.2887892391999864,0.8388070590881754,1.2472822341929806,-0.4596341495827446,1.1664852244311101,-0.23051884107549298,1.0,0.0,0.0,0.0,0.0,0.0,0.0,1.0,0.0
203,5-fluorouracil,5-fluorouracil,5-fluorouracil,10.1016/j.ijpharm.2016.11.012,PVA,acetone,False,4.91,-1.5101249170192432,-2.714502898086687,-0.2814098058061105,1.9469857641268438,-0.8457356781045259,0.3560995832559158,-0.3828358464952089,-0.6030236069984066,-0.997728467559588,0.3655063550942997,-0.4596341495827446,-0.12216273697564192,-0.23051884107549298,0.0,1.0,0.0,0.0,1.0,0.0,0.0,0.0,0.0
204,5-fluorouracil,5-fluorouracil,5-fluorouracil,10.1016/j.ijpharm.2016.11.012,PVA,acetone,False,7.03,-1.5101249170192432,-2.714502898086687,-0.2814098058061105,1.9469857641268438,-0.8457356781045259,0.3560995832559158,-0.3828358464952089,-0.6030236069984066,-0.7129942773816402,0.3655063550942997,-0.4596341495827446,-0.12216273697564192,-0.23051884107549298,0.0,1.0,0.0,0.0,1.0,0.0,0.0,0.0,0.0
205,5-fluorouracil,5-fluorouracil,5-fluorouracil,10.1016/j.ijpharm.2016.11.012,PVA,acetone,False,8.46,-1.5101249170192432,-2.714502898086687,-0.2814098058061105,1.9469857641268438,-0.8457356781045259,0.3560995832559158,-0.3828358464952089,-0.6030236069984066,-0.42826008720369235,0.3655063550942997,-0.4596341495827446,-0.12216273697564192,-0.23051884107549298,0.0,1.0,0.0,0.0,1.0,0.0,0.0,0.0,0.0
206,5-fluorouracil,5-fluorouracil,5-fluorouracil,10.1016/j.ijpharm.2016.11.012,PVA,acetone,False,8.57,-1.5101249170192432,-2.714502898086687,-0.2814098058061105,1.9469857641268438,-0.8457356781045259,0.3560995832559158,-0.3828358464952089,-0.6030236069984066,-0.0011588019367706865,0.3655063550942997,-0.4596341495827446,-0.12216273697564192,-0.23051884107549298,0.0,1.0,0.0,0.0,1.0,0.0,0.0,0.0,0.0
207,5-fluorouracil,5-fluorouracil,5-fluorouracil,10.1016/j.ijpharm.2016.11.012,PVA,acetone,False,8.64,-1.5101249170192432,-2.714502898086687,-0.2814098058061105,1.9469857641268438,-0.8457356781045259,0.3560995832559158,-0.3828358464952089,-0.6030236069984066,0.2835753882411772,0.3655063550942997,-0.4596341495827446,-0.12216273697564192,-0.23051884107549298,0.0,1.0,0.0,0.0,1.0,0.0,0.0,0.0,0.0
208,5-fluorouracil,5-fluorouracil,5-fluorouracil,10.1016/j.ijpharm.2016.11.012,PVA,acetone,False,8.64,-1.5101249170192432,-2.714502898086687,-0.2814098058061105,1.9469857641268438,-0.8457356781045259,0.3560995832559158,-0.3828358464952089,-0.6030236069984066,0.5683095784191248,0.3655063550942997,-0.4596341495827446,-0.12216273697564192,-0.23051884107549298,0.0,1.0,0.0,0.0,1.0,0.0,0.0,0.0,0.0
209,5-fluorouracil,5-fluorouracil,5-fluorouracil,10.1016/j.ijpharm.2016.11.012,PVA,acetone,False,8.52,-1.5101249170192432,-2.714502898086687,-0.2814098058061105,1.9469857641268438,-0.8457356781045259,0.3560995832559158,-0.3828358464952089,-0.6030236069984066,0.9954108636860465,0.3655063550942997,-0.4596341495827446,-0.12216273697564192,-0.23051884107549298,0.0,1.0,0.0,0.0,1.0,0.0,0.0,0.0,0.0
210,atractylodin,atractylodin,atractylodin,10.1111/1440-1681.13433,poloxamer407,acetone,False,68.0,-1.178899594199925,-0.11526087751728695,-1.4734284628016214,-1.9214361865918643,-1.191426116873486,-1.14510454223471,-1.6739685052633642,-0.718416380788669,-0.855361372470614,0.3655063550942997,0.5964571394128749,0.17071179970771083,-0.23051884107549298,0.0,1.0,0.0,0.0,1.0,0.0,0.0,0.0,0.0
211,lamotrigine,lamotrigine,lamotrigine,10.1007/s13346-019-00622-5,poloxamer407,acetone,False,84.87,-0.709568430987588,-0.7297555943366832,0.2851277795555824,0.8537360824019915,0.19133563820235452,0.3560995832559158,0.2627304828888687,0.43551135711395467,-0.42826008720369235,0.3655063550942997,0.11641564441486606,0.17071179970771083,-0.23051884107549298,0.0,1.0,0.0,0.0,1.0,0.0,0.0,0.0,0.0
212,ropinirole,ropinirole,ropinirole,10.1016/j.ijpharm.2020.119776,PVA,acetone,False,5.4,-0.6823792406986223,-0.13645035051105908,-1.038153487253622,1.2742167292192423,-0.8457356781045259,-0.39450247948939704,-1.0284021758792865,2.2013704711770608,-0.855361372470614,0.012796003454827417,-0.26761755158354106,-0.12216273697564192,-0.23051884107549298,0.0,1.0,0.0,0.0,0.0,0.0,0.0,1.0,0.0
213,salbutamol,salbutamol,salbutamol,10.1089/jamp.2009.0759,none,acetone,False,25.2,-0.816165303195263,-1.2241766308580364,-0.12271580430423572,-0.25633282519555084,-0.1543548005666056,1.8573037087465416,-0.7056190111872477,-0.718416380788669,-0.7628227606627811,-1.398045403103062,0.11641564441486606,-2.2308594010957816,-0.23051884107549298,0.0,1.0,0.0,0.0,1.0,0.0,0.0,0.0,0.0
214,etoposide,etoposide,etoposide,10.1080/10717540802174662,poloxamer188,acetone,False,57.64,1.4024218034679272,-1.2029871578642641,1.8747882631715058,1.2994455680282775,2.9568591483540354,1.1067016460012287,2.1994294710411015,-0.7883513952070098,-0.42826008720369235,0.3655063550942997,-0.36362585058314284,1.1664852244311101,-0.23051884107549298,0.0,1.0,0.0,0.0,1.0,0.0,0.0,0.0,0.0
215,etoposide,etoposide,etoposide,10.1080/10717540802174662,poloxamer188,acetone,False,66.11,1.4024218034679272,-1.2029871578642641,1.8747882631715058,1.2994455680282775,2.9568591483540354,1.1067016460012287,2.1994294710411015,-0.7883513952070098,-0.42826008720369235,0.3655063550942997,-0.36362585058314284,1.1664852244311101,-0.23051884107549298,0.0,1.0,0.0,0.0,1.0,0.0,0.0,0.0,0.0
216,etoposide,etoposide,etoposide,10.1080/10717540802174662,poloxamer188,acetone,False,78.99,1.4024218034679272,-1.2029871578642641,1.8747882631715058,1.2994455680282775,2.9568591483540354,1.1067016460012287,2.1994294710411015,-0.7883513952070098,-0.42826008720369235,0.3655063550942997,-0.36362585058314284,1.1664852244311101,-0.23051884107549298,0.0,1.0,0.0,0.0,1.0,0.0,0.0,0.0,0.0
217,cefpodoxime-proxetil,cefpodoxime-proxetil,cefpodoxime-proxetil,10.1016/j.jddst.2020.102145,poloxamer188,acetone,False,39.49,1.2058083830372046,-1.563208198758393,2.3313735760640424,-1.1057037317663976,3.3025495871229955,0.3560995832559158,3.167778965117218,0.43551135711395467,-0.42826008720369235,-0.5162695240043812,-0.20425207424380387,1.1664852244311101,-0.23051884107549298,0.0,1.0,0.0,0.0,1.0,0.0,0.0,0.0,0.0
218,cefpodoxime-proxetil,cefpodoxime-proxetil,cefpodoxime-proxetil,10.1016/j.jddst.2020.102145,poloxamer188,acetone,False,30.68,1.2058083830372046,-1.563208198758393,2.3313735760640424,-1.1057037317663976,3.3025495871229955,0.3560995832559158,3.167778965117218,0.43551135711395467,-0.7841778249261271,-0.5162695240043812,-0.20425207424380387,1.1664852244311101,-0.23051884107549298,0.0,1.0,0.0,0.0,1.0,0.0,0.0,0.0,0.0
219,ketoprofen ,ketoprofen,ketoprofen,10.1016/j.colsurfb.2019.01.012,poloxamer188,acetone,False,13.21,-0.7210666633294173,0.04719174876830057,-0.538720793955579,-1.2150286999388829,-0.8457356781045259,-0.39450247948939704,-1.0284021758792865,2.1139517031541346,2.4190818145757853,0.3655063550942997,1.0764986344108838,1.1664852244311101,-0.23051884107549298,0.0,1.0,0.0,0.0,0.0,1.0,0.0,0.0,0.0
220,dl-α-tocopherol,dl-α-tocopherol,dl-α-tocopherol,10.1016/j.colsurfb.2019.01.012,poloxamer188,acetone,False,88.25,0.39972512234400726,4.094381090578807,-1.103444733585822,-1.2150286999388829,-0.8457356781045259,-0.39450247948939704,-1.3511853405713254,2.1139517031541346,2.4190818145757853,0.3655063550942997,1.0764986344108838,1.1664852244311101,-0.23051884107549298,0.0,1.0,0.0,0.0,0.0,1.0,0.0,0.0,0.0
221,ketoprofen ,ketoprofen,ketoprofen,10.1016/j.colsurfb.2019.01.012,poloxamer188,acetone,False,7.91,-0.7210666633294173,0.04719174876830057,-0.538720793955579,-1.2150286999388829,-0.8457356781045259,-0.39450247948939704,-1.0284021758792865,1.3062022866222982,2.4190818145757853,0.3655063550942997,1.0764986344108838,1.1664852244311101,-0.23051884107549298,0.0,1.0,0.0,0.0,0.0,0.0,0.0,1.0,0.0
222,dl-α-tocopherol,dl-α-tocopherol,dl-α-tocopherol,10.1016/j.colsurfb.2019.01.012,poloxamer188,acetone,False,90.28,0.39972512234400726,4.094381090578807,-1.103444733585822,-1.2150286999388829,-0.8457356781045259,-0.39450247948939704,-1.3511853405713254,1.3062022866222982,2.4190818145757853,0.3655063550942997,1.0764986344108838,1.1664852244311101,-0.23051884107549298,0.0,1.0,0.0,0.0,0.0,0.0,0.0,1.0,0.0
223,combretastatin-A4,combretastatin-a4,combretastatin-a4,10.1088/2053-1591/ab63f5,none,acetone,False,31.0,-0.32682340413941136,0.39328647433324804,-0.47569660478769155,-0.8365961178033571,0.19133563820235452,-0.39450247948939704,-0.3828358464952089,-0.718416380788669,-0.997728467559588,-1.398045403103062,-0.36362585058314284,-2.2308594010957816,-0.23051884107549298,0.0,1.0,0.0,0.0,1.0,0.0,0.0,0.0,0.0
224,combretastatin-A4,combretastatin-a4,combretastatin-a4,10.1088/2053-1591/ab63f5,none,acetone,False,32.0,-0.32682340413941136,0.39328647433324804,-0.47569660478769155,-0.8365961178033571,0.19133563820235452,-0.39450247948939704,-0.3828358464952089,-0.718416380788669,-1.0689120151040747,-1.398045403103062,-0.36362585058314284,-2.2308594010957816,-0.23051884107549298,0.0,1.0,0.0,0.0,1.0,0.0,0.0,0.0,0.0
225,methyl-4-hydroxybenzoate,methyl-4-hydroxybenzoate,methyl-4-hydroxybenzoate,10.1016/j.jddst.2019.01.010,poloxamer407,tetrahydrofuran,False,0.3,-1.369922713823571,-1.3159976804977165,-0.7164580756376787,-0.5927173426493516,-0.5000452393355658,-0.39450247948939704,-1.0284021758792865,0.47047886432312513,2.4190818145757853,-1.2216902272833259,1.0764986344108838,0.17071179970771083,-2.526001195364072,0.0,1.0,0.0,0.0,1.0,0.0,0.0,0.0,0.0
226,ethyl-4-hydroxybenzoate,ethyl-4-hydroxybenzoate,ethyl-4-hydroxybenzoate,10.1016/j.jddst.2019.01.010,poloxamer407,tetrahydrofuran,False,1.3,-1.2807955316380122,-1.0405345315786767,-0.7164580756376787,-0.8450057307397021,-0.5000452393355658,-0.39450247948939704,-1.0284021758792865,0.47047886432312513,2.4190818145757853,-1.2216902272833259,1.0764986344108838,0.17071179970771083,-2.526001195364072,0.0,1.0,0.0,0.0,1.0,0.0,0.0,0.0,0.0
227,propyl-4-hydroxybenzoate,propyl-4-hydroxybenzoate,propyl-4-hydroxybenzoate,10.1016/j.jddst.2019.01.010,poloxamer407,tetrahydrofuran,False,2.2,-1.1917318755979884,-0.765071382659637,-0.7164580756376787,-1.172980635257158,-0.5000452393355658,-0.39450247948939704,-1.0284021758792865,0.47047886432312513,2.4190818145757853,-1.2216902272833259,1.0764986344108838,0.17071179970771083,-2.526001195364072,0.0,1.0,0.0,0.0,1.0,0.0,0.0,0.0,0.0
228,butyl-4-hydroxybenzoate,butyl-4-hydroxybenzoate,butyl-4-hydroxybenzoate,10.1016/j.jddst.2019.01.010,poloxamer407,tetrahydrofuran,False,4.9,-1.1026046934124296,-0.4896082337405972,-0.7164580756376787,-1.6439189596924788,-0.5000452393355658,-0.39450247948939704,-1.0284021758792865,0.47047886432312513,2.4190818145757853,-1.2216902272833259,1.0764986344108838,0.17071179970771083,-2.526001195364072,0.0,1.0,0.0,0.0,1.0,0.0,0.0,0.0,0.0
229,heptyl-4-hydroxybenzoate,heptyl-4-hydroxybenzoate,heptyl-4-hydroxybenzoate,10.1016/j.jddst.2019.01.010,poloxamer407,tetrahydrofuran,False,7.4,-0.835286673001288,0.3367812130165219,-0.7164580756376787,-1.9584384835117825,-0.5000452393355658,-0.39450247948939704,-1.0284021758792865,0.47047886432312513,2.4190818145757853,-1.2216902272833259,1.0764986344108838,0.17071179970771083,-2.526001195364072,0.0,1.0,0.0,0.0,1.0,0.0,0.0,0.0,0.0
230,octyl-4-hydroxybenzoate,octyl-4-hydroxybenzoate,octyl-4-hydroxybenzoate,10.1016/j.jddst.2019.01.010,poloxamer407,tetrahydrofuran,False,12.3,-0.7461594908157292,0.6122443619355618,-0.7164580756376787,-1.9550746383372444,-0.5000452393355658,-0.39450247948939704,-1.0284021758792865,0.47047886432312513,2.4190818145757853,-1.2216902272833259,1.0764986344108838,0.17071179970771083,-2.526001195364072,0.0,1.0,0.0,0.0,1.0,0.0,0.0,0.0,0.0
231,diosgenin,diosgenin,diosgenin,10.1016/j.jddst.2022.103743,poloxamer188,acetonitrile,False,58.48,0.29751155417824504,1.8836127415618986,-0.8941953573197785,0.6603149848660561,-0.5000452393355658,-0.39450247948939704,-1.0284021758792865,-0.5086113375336465,2.4190818145757853,-0.5162695240043812,1.0764986344108838,1.1664852244311101,1.230242657108149,0.0,1.0,0.0,0.0,1.0,0.0,0.0,0.0,0.0
232,diosgenin,diosgenin,diosgenin,10.1016/j.jddst.2022.103743,poloxamer188,acetonitrile,False,78.68,0.29751155417824504,1.8836127415618986,-0.8941953573197785,0.6603149848660561,-0.5000452393355658,-0.39450247948939704,-1.0284021758792865,-0.5086113375336465,1.2303165705828536,-0.5162695240043812,1.0764986344108838,1.1664852244311101,1.230242657108149,0.0,1.0,0.0,0.0,1.0,0.0,0.0,0.0,0.0
233,diosgenin,diosgenin,diosgenin,10.1016/j.jddst.2022.103743,poloxamer188,acetonitrile,False,72.8,0.29751155417824504,1.8836127415618986,-0.8941953573197785,0.6603149848660561,-0.5000452393355658,-0.39450247948939704,-1.0284021758792865,-0.5086113375336465,0.6394931259636119,-0.5162695240043812,1.0764986344108838,1.1664852244311101,1.230242657108149,0.0,1.0,0.0,0.0,1.0,0.0,0.0,0.0,0.0
234,clobetasol_propionate,clobetasol_propionate,clobetasol-propionate,10.1111/iej.14072,polysorbate80,acetone,False,80.37,0.6300709260537979,0.7464443575627858,0.05751524025860787,0.5005323390755008,0.19133563820235452,-0.39450247948939704,0.2627304828888687,-0.05403374381443111,0.5042443856290867,0.10097359136469539,-0.4596341495827446,-0.4736121809956652,-0.23051884107549298,0.0,1.0,0.0,0.0,1.0,0.0,0.0,0.0,0.0
235,clobetasol_propionate,clobetasol_propionate,clobetasol-propionate,10.1111/iej.14072,polysorbate80,acetone,False,80.14,0.6300709260537979,0.7464443575627858,0.05751524025860787,0.5005323390755008,0.19133563820235452,-0.39450247948939704,0.2627304828888687,-0.05403374381443111,0.11273487413440833,0.10097359136469539,-0.4596341495827446,-0.4736121809956652,-0.23051884107549298,0.0,1.0,0.0,0.0,1.0,0.0,0.0,0.0,0.0
236,clobetasol_propionate,clobetasol_propionate,clobetasol-propionate,10.1111/iej.14072,polysorbate80,acetone,False,70.62,0.6300709260537979,0.7464443575627858,0.05751524025860787,0.5005323390755008,0.19133563820235452,-0.39450247948939704,0.2627304828888687,-0.05403374381443111,-0.3926683134314489,0.3655063550942997,-0.4596341495827446,-0.4736121809956652,-0.23051884107549298,0.0,1.0,0.0,0.0,1.0,0.0,0.0,0.0,0.0
237,clobetasol_propionate,clobetasol_propionate,clobetasol-propionate,10.1111/iej.14072,polysorbate80,acetone,False,89.67,0.6300709260537979,0.7464443575627858,0.05751524025860787,0.5005323390755008,0.19133563820235452,-0.39450247948939704,0.2627304828888687,-0.05403374381443111,0.11273487413440833,0.10097359136469539,-0.4596341495827446,-0.4736121809956652,-0.23051884107549298,0.0,1.0,0.0,0.0,1.0,0.0,0.0,0.0,0.0
238,clobetasol_propionate,clobetasol_propionate,clobetasol-propionate,10.1111/iej.14072,polysorbate80,acetone,False,93.28,0.6300709260537979,0.7464443575627858,0.05751524025860787,0.5005323390755008,0.19133563820235452,-0.39450247948939704,0.2627304828888687,-0.05403374381443111,0.36187729054011264,-0.1635591723649089,-0.4596341495827446,-0.4736121809956652,-0.23051884107549298,0.0,1.0,0.0,0.0,1.0,0.0,0.0,0.0,0.0
239,clobetasol_propionate,clobetasol_propionate,clobetasol-propionate,10.1111/iej.14072,polysorbate80,acetone,False,87.22,0.6300709260537979,0.7464443575627858,0.05751524025860787,0.5005323390755008,0.19133563820235452,-0.39450247948939704,0.2627304828888687,-0.05403374381443111,0.36187729054011264,-0.1635591723649089,-0.4596341495827446,-0.4736121809956652,-0.23051884107549298,0.0,1.0,0.0,0.0,1.0,0.0,0.0,0.0,0.0
240,clobetasol_propionate,clobetasol_propionate,clobetasol-propionate,10.1111/iej.14072,polysorbate80,acetone,False,77.0,0.6300709260537979,0.7464443575627858,0.05751524025860787,0.5005323390755008,0.19133563820235452,-0.39450247948939704,0.2627304828888687,-0.05403374381443111,0.11273487413440833,0.6300391188239037,-0.4596341495827446,-0.4736121809956652,-0.23051884107549298,0.0,1.0,0.0,0.0,1.0,0.0,0.0,0.0,0.0
241,clobetasol_propionate,clobetasol_propionate,clobetasol-propionate,10.1111/iej.14072,polysorbate80,acetone,False,91.64,0.6300709260537979,0.7464443575627858,0.05751524025860787,0.5005323390755008,0.19133563820235452,-0.39450247948939704,0.2627304828888687,-0.05403374381443111,0.7605051567892397,-0.1635591723649089,-0.4596341495827446,-0.4736121809956652,-0.23051884107549298,0.0,1.0,0.0,0.0,1.0,0.0,0.0,0.0,0.0
242,clobetasol_propionate,clobetasol_propionate,clobetasol-propionate,10.1111/iej.14072,polysorbate80,acetone,False,87.46,0.6300709260537979,0.7464443575627858,0.05751524025860787,0.5005323390755008,0.19133563820235452,-0.39450247948939704,0.2627304828888687,-0.05403374381443111,0.11273487413440833,0.10097359136469539,-0.4596341495827446,-0.4736121809956652,-0.23051884107549298,0.0,1.0,0.0,0.0,1.0,0.0,0.0,0.0,0.0
243,clobetasol_propionate,clobetasol_propionate,clobetasol-propionate,10.1111/iej.14072,polysorbate80,acetone,False,85.04,0.6300709260537979,0.7464443575627858,0.05751524025860787,0.5005323390755008,0.19133563820235452,-0.39450247948939704,0.2627304828888687,-0.05403374381443111,-0.1221708327623986,0.10097359136469539,-0.4596341495827446,-0.4736121809956652,-0.23051884107549298,0.0,1.0,0.0,0.0,1.0,0.0,0.0,0.0,0.0
244,clobetasol_propionate,clobetasol_propionate,clobetasol-propionate,10.1111/iej.14072,polysorbate80,acetone,False,84.04,0.6300709260537979,0.7464443575627858,0.05751524025860787,0.5005323390755008,0.19133563820235452,-0.39450247948939704,0.2627304828888687,-0.05403374381443111,-0.3926683134314489,-0.1635591723649089,-0.4596341495827446,-0.4736121809956652,-0.23051884107549298,0.0,1.0,0.0,0.0,1.0,0.0,0.0,0.0,0.0
245,clobetasol_propionate,clobetasol_propionate,clobetasol-propionate,10.1111/iej.14072,polysorbate80,acetone,False,88.64,0.6300709260537979,0.7464443575627858,0.05751524025860787,0.5005323390755008,0.19133563820235452,-0.39450247948939704,0.2627304828888687,-0.05403374381443111,0.7605051567892397,0.3655063550942997,-0.4596341495827446,-0.4736121809956652,-0.23051884107549298,0.0,1.0,0.0,0.0,1.0,0.0,0.0,0.0,0.0
246,clobetasol_propionate,clobetasol_propionate,clobetasol-propionate,10.1111/iej.14072,polysorbate80,acetone,False,79.94,0.6300709260537979,0.7464443575627858,0.05751524025860787,0.5005323390755008,0.19133563820235452,-0.39450247948939704,0.2627304828888687,-0.05403374381443111,0.36187729054011264,0.3655063550942997,-0.4596341495827446,-0.4736121809956652,-0.23051884107549298,0.0,1.0,0.0,0.0,1.0,0.0,0.0,0.0,0.0
247,clobetasol_propionate,clobetasol_propionate,clobetasol-propionate,10.1111/iej.14072,polysorbate80,acetone,False,96.82,0.6300709260537979,0.7464443575627858,0.05751524025860787,0.5005323390755008,0.19133563820235452,-0.39450247948939704,0.2627304828888687,-0.05403374381443111,0.36187729054011264,0.3655063550942997,-0.4596341495827446,-0.4736121809956652,-0.23051884107549298,0.0,1.0,0.0,0.0,1.0,0.0,0.0,0.0,0.0
248,clobetasol_propionate,clobetasol_propionate,clobetasol-propionate,10.1111/iej.14072,polysorbate80,acetone,False,88.21,0.6300709260537979,0.7464443575627858,0.05751524025860787,0.5005323390755008,0.19133563820235452,-0.39450247948939704,0.2627304828888687,-0.05403374381443111,0.11273487413440833,-0.428091936094513,-0.4596341495827446,-0.4736121809956652,-0.23051884107549298,0.0,1.0,0.0,0.0,1.0,0.0,0.0,0.0,0.0
249,clobetasol_propionate,clobetasol_propionate,clobetasol-propionate,10.1111/iej.14072,polysorbate80,acetone,False,78.27,0.6300709260537979,0.7464443575627858,0.05751524025860787,0.5005323390755008,0.19133563820235452,-0.39450247948939704,0.2627304828888687,-0.05403374381443111,-0.1933543803068854,-0.1635591723649089,-0.4596341495827446,-0.4736121809956652,-0.23051884107549298,0.0,1.0,0.0,0.0,1.0,0.0,0.0,0.0,0.0
250,clobetasol_propionate,clobetasol_propionate,clobetasol-propionate,10.1111/iej.14072,polysorbate80,acetone,False,67.76,0.6300709260537979,0.7464443575627858,0.05751524025860787,0.5005323390755008,0.19133563820235452,-0.39450247948939704,0.2627304828888687,-0.05403374381443111,-0.3926683134314489,-0.1635591723649089,-0.4596341495827446,-0.4736121809956652,-0.23051884107549298,0.0,1.0,0.0,0.0,1.0,0.0,0.0,0.0,0.0
251,clobetasol_propionate,clobetasol_propionate,clobetasol-propionate,10.1111/iej.14072,polysorbate80,acetone,False,64.78,0.6300709260537979,0.7464443575627858,0.05751524025860787,0.5005323390755008,0.19133563820235452,-0.39450247948939704,0.2627304828888687,-0.05403374381443111,-0.1933543803068854,0.3655063550942997,-0.4596341495827446,-0.4736121809956652,-0.23051884107549298,0.0,1.0,0.0,0.0,1.0,0.0,0.0,0.0,0.0
252,clobetasol_propionate,clobetasol_propionate,clobetasol-propionate,10.1111/iej.14072,polysorbate80,acetone,False,82.05,0.6300709260537979,0.7464443575627858,0.05751524025860787,0.5005323390755008,0.19133563820235452,-0.39450247948939704,0.2627304828888687,-0.05403374381443111,-0.3926683134314489,0.3655063550942997,-0.4596341495827446,-0.4736121809956652,-0.23051884107549298,0.0,1.0,0.0,0.0,1.0,0.0,0.0,0.0,0.0
253,clobetasol_propionate,clobetasol_propionate,clobetasol-propionate,10.1111/iej.14072,polysorbate80,acetone,False,15.91,0.6300709260537979,0.7464443575627858,0.05751524025860787,0.5005323390755008,0.19133563820235452,-0.39450247948939704,0.2627304828888687,-0.05403374381443111,-0.7201126321360889,0.10097359136469539,-0.4596341495827446,-0.4736121809956652,-0.23051884107549298,0.0,1.0,0.0,0.0,1.0,0.0,0.0,0.0,0.0
254,clobetasol_propionate,clobetasol_propionate,clobetasol-propionate,10.1111/iej.14072,polysorbate80,acetone,False,81.65,0.6300709260537979,0.7464443575627858,0.05751524025860787,0.5005323390755008,0.19133563820235452,-0.39450247948939704,0.2627304828888687,-0.05403374381443111,0.7605051567892397,0.3655063550942997,-0.4596341495827446,-0.4736121809956652,-0.23051884107549298,0.0,1.0,0.0,0.0,1.0,0.0,0.0,0.0,0.0
255,clobetasol_propionate,clobetasol_propionate,clobetasol-propionate,10.1111/iej.14072,polysorbate80,acetone,False,89.7,0.6300709260537979,0.7464443575627858,0.05751524025860787,0.5005323390755008,0.19133563820235452,-0.39450247948939704,0.2627304828888687,-0.05403374381443111,0.7605051567892397,-0.1635591723649089,-0.4596341495827446,-0.4736121809956652,-0.23051884107549298,0.0,1.0,0.0,0.0,1.0,0.0,0.0,0.0,0.0
256,clobetasol_propionate,clobetasol_propionate,clobetasol-propionate,10.1111/iej.14072,polysorbate80,acetone,False,71.49,0.6300709260537979,0.7464443575627858,0.05751524025860787,0.5005323390755008,0.19133563820235452,-0.39450247948939704,0.2627304828888687,-0.05403374381443111,-0.1933543803068854,0.3655063550942997,-0.4596341495827446,-0.4736121809956652,-0.23051884107549298,0.0,1.0,0.0,0.0,1.0,0.0,0.0,0.0,0.0
257,clobetasol_propionate,clobetasol_propionate,clobetasol-propionate,10.1111/iej.14072,polysorbate80,acetone,False,92.81,0.6300709260537979,0.7464443575627858,0.05751524025860787,0.5005323390755008,0.19133563820235452,-0.39450247948939704,0.2627304828888687,-0.05403374381443111,0.9527007351593543,0.10097359136469539,-0.4596341495827446,-0.4736121809956652,-0.23051884107549298,0.0,1.0,0.0,0.0,1.0,0.0,0.0,0.0,0.0
258,clobetasol_propionate,clobetasol_propionate,clobetasol-propionate,10.1111/iej.14072,polysorbate80,acetone,False,69.22,0.6300709260537979,0.7464443575627858,0.05751524025860787,0.5005323390755008,0.19133563820235452,-0.39450247948939704,0.2627304828888687,-0.05403374381443111,-0.1933543803068854,-0.1635591723649089,-0.4596341495827446,-0.4736121809956652,-0.23051884107549298,0.0,1.0,0.0,0.0,1.0,0.0,0.0,0.0,0.0
259,clobetasol_propionate,clobetasol_propionate,clobetasol-propionate,10.1111/iej.14072,polysorbate80,acetone,False,83.24,0.6300709260537979,0.7464443575627858,0.05751524025860787,0.5005323390755008,0.19133563820235452,-0.39450247948939704,0.2627304828888687,-0.05403374381443111,0.11273487413440833,0.10097359136469539,-0.4596341495827446,-0.4736121809956652,-0.23051884107549298,0.0,1.0,0.0,0.0,1.0,0.0,0.0,0.0,0.0
260,rapamycin,rapamycin,rapamycin,10.3109/10717544.2015.1039667,polysorbate20,acetone,False,74.25,3.471023680523061,2.2155811517976645,2.6591900420236296,0.2987016286032203,2.9568591483540354,1.1067016460012287,2.5222126357331405,0.2606738210681026,-0.42826008720369235,2.1290581132916615,1.0764986344108838,-0.27445749605098546,-0.23051884107549298,0.0,1.0,0.0,0.0,1.0,0.0,0.0,0.0,0.0
261,piperine,piperine,piperine,10.3109/10717544.2015.1039667,polysorbate20,acetone,False,91.1,-0.5238179814433446,-0.030502985542197724,-0.8923817115883285,-0.5843077297130066,-0.5000452393355658,-1.14510454223471,-0.7056190111872477,0.2606738210681026,-0.42826008720369235,2.1290581132916615,1.0764986344108838,-0.27445749605098546,-0.23051884107549298,0.0,1.0,0.0,0.0,1.0,0.0,0.0,0.0,0.0
262,lamotrigine,lamotrigine,lamotrigine,10.1208/s12249-014-0235-3,PVA,acetone,False,64.14,-0.709568430987588,-0.7297555943366832,0.2851277795555824,0.8537360824019915,0.19133563820235452,0.3560995832559158,0.2627304828888687,-0.718416380788669,0.2835753882411772,-0.5162695240043812,-0.07560095358433751,-0.12216273697564192,-0.23051884107549298,0.0,1.0,0.0,0.0,1.0,0.0,0.0,0.0,0.0
263,lamotrigine,lamotrigine,lamotrigine,10.1208/s12249-014-0235-3,PVA,acetone,False,60.1,-0.709568430987588,-0.7297555943366832,0.2851277795555824,0.8537360824019915,0.19133563820235452,0.3560995832559158,0.2627304828888687,-0.718416380788669,0.2835753882411772,-0.5162695240043812,-0.261857053643565,-0.12216273697564192,-0.23051884107549298,0.0,1.0,0.0,0.0,1.0,0.0,0.0,0.0,0.0
264,lamotrigine,lamotrigine,lamotrigine,10.1208/s12249-014-0235-3,PVA,acetone,False,58.59,-0.709568430987588,-0.7297555943366832,0.2851277795555824,0.8537360824019915,0.19133563820235452,0.3560995832559158,0.2627304828888687,-0.718416380788669,0.2835753882411772,-0.5162695240043812,-0.4596341495827446,-0.12216273697564192,-0.23051884107549298,0.0,1.0,0.0,0.0,1.0,0.0,0.0,0.0,0.0
265,lamotrigine,lamotrigine,lamotrigine,10.1208/s12249-014-0235-3,PVA,acetone,False,74.38,-0.709568430987588,-0.7297555943366832,0.2851277795555824,0.8537360824019915,0.19133563820235452,0.3560995832559158,0.2627304828888687,-0.718416380788669,-0.21470944457023153,-0.5162695240043812,-0.07560095358433751,-0.12216273697564192,-0.23051884107549298,0.0,1.0,0.0,0.0,1.0,0.0,0.0,0.0,0.0
266,lamotrigine,lamotrigine,lamotrigine,10.1208/s12249-014-0235-3,PVA,acetone,False,72.74,-0.709568430987588,-0.7297555943366832,0.2851277795555824,0.8537360824019915,0.19133563820235452,0.3560995832559158,0.2627304828888687,-0.718416380788669,-0.21470944457023153,-0.5162695240043812,-0.261857053643565,-0.12216273697564192,-0.23051884107549298,0.0,1.0,0.0,0.0,1.0,0.0,0.0,0.0,0.0
267,lamotrigine,lamotrigine,lamotrigine,10.1208/s12249-014-0235-3,PVA,acetone,False,69.13,-0.709568430987588,-0.7297555943366832,0.2851277795555824,0.8537360824019915,0.19133563820235452,0.3560995832559158,0.2627304828888687,-0.718416380788669,-0.21470944457023153,-0.5162695240043812,-0.4596341495827446,-0.12216273697564192,-0.23051884107549298,0.0,1.0,0.0,0.0,1.0,0.0,0.0,0.0,0.0
268,lamotrigine,lamotrigine,lamotrigine,10.1208/s12249-014-0235-3,PVA,acetone,False,83.36,-0.709568430987588,-0.7297555943366832,0.2851277795555824,0.8537360824019915,0.19133563820235452,0.3560995832559158,0.2627304828888687,-0.718416380788669,-0.42826008720369235,-0.5162695240043812,-0.07560095358433751,-0.12216273697564192,-0.23051884107549298,0.0,1.0,0.0,0.0,1.0,0.0,0.0,0.0,0.0
269,lamotrigine,lamotrigine,lamotrigine,10.1208/s12249-014-0235-3,PVA,acetone,False,81.78,-0.709568430987588,-0.7297555943366832,0.2851277795555824,0.8537360824019915,0.19133563820235452,0.3560995832559158,0.2627304828888687,-0.718416380788669,-0.42826008720369235,-0.5162695240043812,-0.261857053643565,-0.12216273697564192,-0.23051884107549298,0.0,1.0,0.0,0.0,1.0,0.0,0.0,0.0,0.0
270,lamotrigine,lamotrigine,lamotrigine,10.1208/s12249-014-0235-3,PVA,acetone,False,79.17,-0.709568430987588,-0.7297555943366832,0.2851277795555824,0.8537360824019915,0.19133563820235452,0.3560995832559158,0.2627304828888687,-0.718416380788669,-0.42826008720369235,-0.5162695240043812,-0.4596341495827446,-0.12216273697564192,-0.23051884107549298,0.0,1.0,0.0,0.0,1.0,0.0,0.0,0.0,0.0
271,lamotrigine,lamotrigine,lamotrigine,10.1208/s12249-014-0235-3,PVA,acetone,False,61.67,-0.709568430987588,-0.7297555943366832,0.2851277795555824,0.8537360824019915,0.19133563820235452,0.3560995832559158,0.2627304828888687,-0.718416380788669,0.2835753882411772,0.3655063550942997,-0.07560095358433751,-0.12216273697564192,-0.23051884107549298,0.0,1.0,0.0,0.0,1.0,0.0,0.0,0.0,0.0
272,lamotrigine,lamotrigine,lamotrigine,10.1208/s12249-014-0235-3,PVA,acetone,False,57.93,-0.709568430987588,-0.7297555943366832,0.2851277795555824,0.8537360824019915,0.19133563820235452,0.3560995832559158,0.2627304828888687,-0.718416380788669,0.2835753882411772,0.3655063550942997,-0.261857053643565,-0.12216273697564192,-0.23051884107549298,0.0,1.0,0.0,0.0,1.0,0.0,0.0,0.0,0.0
273,lamotrigine,lamotrigine,lamotrigine,10.1208/s12249-014-0235-3,PVA,acetone,False,56.21,-0.709568430987588,-0.7297555943366832,0.2851277795555824,0.8537360824019915,0.19133563820235452,0.3560995832559158,0.2627304828888687,-0.718416380788669,0.2835753882411772,0.3655063550942997,-0.4596341495827446,-0.12216273697564192,-0.23051884107549298,0.0,1.0,0.0,0.0,1.0,0.0,0.0,0.0,0.0
274,lamotrigine,lamotrigine,lamotrigine,10.1208/s12249-014-0235-3,PVA,acetone,False,73.59,-0.709568430987588,-0.7297555943366832,0.2851277795555824,0.8537360824019915,0.19133563820235452,0.3560995832559158,0.2627304828888687,-0.718416380788669,-0.21470944457023153,0.3655063550942997,-0.07560095358433751,-0.12216273697564192,-0.23051884107549298,0.0,1.0,0.0,0.0,1.0,0.0,0.0,0.0,0.0
275,lamotrigine,lamotrigine,lamotrigine,10.1208/s12249-014-0235-3,PVA,acetone,False,70.38,-0.709568430987588,-0.7297555943366832,0.2851277795555824,0.8537360824019915,0.19133563820235452,0.3560995832559158,0.2627304828888687,-0.718416380788669,-0.21470944457023153,0.3655063550942997,-0.261857053643565,-0.12216273697564192,-0.23051884107549298,0.0,1.0,0.0,0.0,1.0,0.0,0.0,0.0,0.0
276,lamotrigine,lamotrigine,lamotrigine,10.1208/s12249-014-0235-3,PVA,acetone,False,68.65,-0.709568430987588,-0.7297555943366832,0.2851277795555824,0.8537360824019915,0.19133563820235452,0.3560995832559158,0.2627304828888687,-0.718416380788669,-0.21470944457023153,0.3655063550942997,-0.4596341495827446,-0.12216273697564192,-0.23051884107549298,0.0,1.0,0.0,0.0,1.0,0.0,0.0,0.0,0.0
277,lamotrigine,lamotrigine,lamotrigine,10.1208/s12249-014-0235-3,PVA,acetone,False,81.78,-0.709568430987588,-0.7297555943366832,0.2851277795555824,0.8537360824019915,0.19133563820235452,0.3560995832559158,0.2627304828888687,-0.718416380788669,-0.42826008720369235,0.3655063550942997,-0.07560095358433751,-0.12216273697564192,-0.23051884107549298,0.0,1.0,0.0,0.0,1.0,0.0,0.0,0.0,0.0
278,lamotrigine,lamotrigine,lamotrigine,10.1208/s12249-014-0235-3,PVA,acetone,False,80.59,-0.709568430987588,-0.7297555943366832,0.2851277795555824,0.8537360824019915,0.19133563820235452,0.3560995832559158,0.2627304828888687,-0.718416380788669,-0.42826008720369235,0.3655063550942997,-0.261857053643565,-0.12216273697564192,-0.23051884107549298,0.0,1.0,0.0,0.0,1.0,0.0,0.0,0.0,0.0
279,lamotrigine,lamotrigine,lamotrigine,10.1208/s12249-014-0235-3,PVA,acetone,False,78.28,-0.709568430987588,-0.7297555943366832,0.2851277795555824,0.8537360824019915,0.19133563820235452,0.3560995832559158,0.2627304828888687,-0.718416380788669,-0.42826008720369235,0.3655063550942997,-0.4596341495827446,-0.12216273697564192,-0.23051884107549298,0.0,1.0,0.0,0.0,1.0,0.0,0.0,0.0,0.0
280,lamotrigine,lamotrigine,lamotrigine,10.1208/s12249-014-0235-3,PVA,acetone,False,57.9,-0.709568430987588,-0.7297555943366832,0.2851277795555824,0.8537360824019915,0.19133563820235452,0.3560995832559158,0.2627304828888687,-0.718416380788669,0.2835753882411772,1.2472822341929806,-0.07560095358433751,-0.12216273697564192,-0.23051884107549298,0.0,1.0,0.0,0.0,1.0,0.0,0.0,0.0,0.0
281,lamotrigine,lamotrigine,lamotrigine,10.1208/s12249-014-0235-3,PVA,acetone,False,54.66,-0.709568430987588,-0.7297555943366832,0.2851277795555824,0.8537360824019915,0.19133563820235452,0.3560995832559158,0.2627304828888687,-0.718416380788669,0.2835753882411772,1.2472822341929806,-0.261857053643565,-0.12216273697564192,-0.23051884107549298,0.0,1.0,0.0,0.0,1.0,0.0,0.0,0.0,0.0
282,lamotrigine,lamotrigine,lamotrigine,10.1208/s12249-014-0235-3,PVA,acetone,False,52.39,-0.709568430987588,-0.7297555943366832,0.2851277795555824,0.8537360824019915,0.19133563820235452,0.3560995832559158,0.2627304828888687,-0.718416380788669,0.2835753882411772,1.2472822341929806,-0.4596341495827446,-0.12216273697564192,-0.23051884107549298,0.0,1.0,0.0,0.0,1.0,0.0,0.0,0.0,0.0
283,lamotrigine,lamotrigine,lamotrigine,10.1208/s12249-014-0235-3,PVA,acetone,False,70.24,-0.709568430987588,-0.7297555943366832,0.2851277795555824,0.8537360824019915,0.19133563820235452,0.3560995832559158,0.2627304828888687,-0.718416380788669,-0.21470944457023153,1.2472822341929806,-0.07560095358433751,-0.12216273697564192,-0.23051884107549298,0.0,1.0,0.0,0.0,1.0,0.0,0.0,0.0,0.0
284,lamotrigine,lamotrigine,lamotrigine,10.1208/s12249-014-0235-3,PVA,acetone,False,66.84,-0.709568430987588,-0.7297555943366832,0.2851277795555824,0.8537360824019915,0.19133563820235452,0.3560995832559158,0.2627304828888687,-0.718416380788669,-0.21470944457023153,1.2472822341929806,-0.261857053643565,-0.12216273697564192,-0.23051884107549298,0.0,1.0,0.0,0.0,1.0,0.0,0.0,0.0,0.0
285,lamotrigine,lamotrigine,lamotrigine,10.1208/s12249-014-0235-3,PVA,acetone,False,65.25,-0.709568430987588,-0.7297555943366832,0.2851277795555824,0.8537360824019915,0.19133563820235452,0.3560995832559158,0.2627304828888687,-0.718416380788669,-0.21470944457023153,1.2472822341929806,-0.4596341495827446,-0.12216273697564192,-0.23051884107549298,0.0,1.0,0.0,0.0,1.0,0.0,0.0,0.0,0.0
286,lamotrigine,lamotrigine,lamotrigine,10.1208/s12249-014-0235-3,PVA,acetone,False,78.8,-0.709568430987588,-0.7297555943366832,0.2851277795555824,0.8537360824019915,0.19133563820235452,0.3560995832559158,0.2627304828888687,-0.718416380788669,-0.42826008720369235,1.2472822341929806,-0.07560095358433751,-0.12216273697564192,-0.23051884107549298,0.0,1.0,0.0,0.0,1.0,0.0,0.0,0.0,0.0
287,lamotrigine,lamotrigine,lamotrigine,10.1208/s12249-014-0235-3,PVA,acetone,False,75.99,-0.709568430987588,-0.7297555943366832,0.2851277795555824,0.8537360824019915,0.19133563820235452,0.3560995832559158,0.2627304828888687,-0.718416380788669,-0.42826008720369235,1.2472822341929806,-0.261857053643565,-0.12216273697564192,-0.23051884107549298,0.0,1.0,0.0,0.0,1.0,0.0,0.0,0.0,0.0
288,lamotrigine,lamotrigine,lamotrigine,10.1208/s12249-014-0235-3,PVA,acetone,False,73.26,-0.709568430987588,-0.7297555943366832,0.2851277795555824,0.8537360824019915,0.19133563820235452,0.3560995832559158,0.2627304828888687,-0.718416380788669,-0.42826008720369235,1.2472822341929806,-0.4596341495827446,-0.12216273697564192,-0.23051884107549298,0.0,1.0,0.0,0.0,1.0,0.0,0.0,0.0,0.0
289,tramadol,tramadol,tramadol,10.3109/03639045.2012.684390,PVA,acetone,False,60.28,-0.6633213970381322,-0.291839819132056,-1.029992081462097,0.2398343380488052,-0.5000452393355658,-0.39450247948939704,-1.0284021758792865,-0.718416380788669,0.2835753882411772,-0.5162695240043812,-0.07560095358433751,-0.12216273697564192,-0.23051884107549298,0.0,1.0,0.0,0.0,1.0,0.0,0.0,0.0,0.0
290,tramadol,tramadol,tramadol,10.3109/03639045.2012.684390,PVA,acetone,False,56.49,-0.6633213970381322,-0.291839819132056,-1.029992081462097,0.2398343380488052,-0.5000452393355658,-0.39450247948939704,-1.0284021758792865,-0.718416380788669,0.2835753882411772,-0.5162695240043812,-0.26761755158354106,-0.12216273697564192,-0.23051884107549298,0.0,1.0,0.0,0.0,1.0,0.0,0.0,0.0,0.0
291,tramadol,tramadol,tramadol,10.3109/03639045.2012.684390,PVA,acetone,False,55.06,-0.6633213970381322,-0.291839819132056,-1.029992081462097,0.2398343380488052,-0.5000452393355658,-0.39450247948939704,-1.0284021758792865,-0.718416380788669,0.2835753882411772,-0.5162695240043812,-0.4596341495827446,-0.12216273697564192,-0.23051884107549298,0.0,1.0,0.0,0.0,1.0,0.0,0.0,0.0,0.0
292,tramadol,tramadol,tramadol,10.3109/03639045.2012.684390,PVA,acetone,False,69.91,-0.6633213970381322,-0.291839819132056,-1.029992081462097,0.2398343380488052,-0.5000452393355658,-0.39450247948939704,-1.0284021758792865,-0.718416380788669,-0.1933543803068854,-0.5162695240043812,-0.07560095358433751,-0.12216273697564192,-0.23051884107549298,0.0,1.0,0.0,0.0,1.0,0.0,0.0,0.0,0.0
293,tramadol,tramadol,tramadol,10.3109/03639045.2012.684390,PVA,acetone,False,68.36,-0.6633213970381322,-0.291839819132056,-1.029992081462097,0.2398343380488052,-0.5000452393355658,-0.39450247948939704,-1.0284021758792865,-0.718416380788669,-0.1933543803068854,-0.5162695240043812,-0.26761755158354106,-0.12216273697564192,-0.23051884107549298,0.0,1.0,0.0,0.0,1.0,0.0,0.0,0.0,0.0
294,tramadol,tramadol,tramadol,10.3109/03639045.2012.684390,PVA,acetone,False,64.97,-0.6633213970381322,-0.291839819132056,-1.029992081462097,0.2398343380488052,-0.5000452393355658,-0.39450247948939704,-1.0284021758792865,-0.718416380788669,-0.1933543803068854,-0.5162695240043812,-0.4596341495827446,-0.12216273697564192,-0.23051884107549298,0.0,1.0,0.0,0.0,1.0,0.0,0.0,0.0,0.0
295,tramadol,tramadol,tramadol,10.3109/03639045.2012.684390,PVA,acetone,False,78.35,-0.6633213970381322,-0.291839819132056,-1.029992081462097,0.2398343380488052,-0.5000452393355658,-0.39450247948939704,-1.0284021758792865,-0.718416380788669,-0.42826008720369235,-0.5162695240043812,-0.07560095358433751,-0.12216273697564192,-0.23051884107549298,0.0,1.0,0.0,0.0,1.0,0.0,0.0,0.0,0.0
296,tramadol,tramadol,tramadol,10.3109/03639045.2012.684390,PVA,acetone,False,76.86,-0.6633213970381322,-0.291839819132056,-1.029992081462097,0.2398343380488052,-0.5000452393355658,-0.39450247948939704,-1.0284021758792865,-0.718416380788669,-0.42826008720369235,-0.5162695240043812,-0.26761755158354106,-0.12216273697564192,-0.23051884107549298,0.0,1.0,0.0,0.0,1.0,0.0,0.0,0.0,0.0
297,tramadol,tramadol,tramadol,10.3109/03639045.2012.684390,PVA,acetone,False,74.4,-0.6633213970381322,-0.291839819132056,-1.029992081462097,0.2398343380488052,-0.5000452393355658,-0.39450247948939704,-1.0284021758792865,-0.718416380788669,-0.42826008720369235,-0.5162695240043812,-0.4596341495827446,-0.12216273697564192,-0.23051884107549298,0.0,1.0,0.0,0.0,1.0,0.0,0.0,0.0,0.0
298,tramadol,tramadol,tramadol,10.3109/03639045.2012.684390,PVA,acetone,False,57.96,-0.6633213970381322,-0.291839819132056,-1.029992081462097,0.2398343380488052,-0.5000452393355658,-0.39450247948939704,-1.0284021758792865,-0.718416380788669,0.2835753882411772,0.3655063550942997,-0.07560095358433751,-0.12216273697564192,-0.23051884107549298,0.0,1.0,0.0,0.0,1.0,0.0,0.0,0.0,0.0
299,tramadol,tramadol,tramadol,10.3109/03639045.2012.684390,PVA,acetone,False,54.45,-0.6633213970381322,-0.291839819132056,-1.029992081462097,0.2398343380488052,-0.5000452393355658,-0.39450247948939704,-1.0284021758792865,-0.718416380788669,0.2835753882411772,0.3655063550942997,-0.26761755158354106,-0.12216273697564192,-0.23051884107549298,0.0,1.0,0.0,0.0,1.0,0.0,0.0,0.0,0.0
300,tramadol,tramadol,tramadol,10.3109/03639045.2012.684390,PVA,acetone,False,52.83,-0.6633213970381322,-0.291839819132056,-1.029992081462097,0.2398343380488052,-0.5000452393355658,-0.39450247948939704,-1.0284021758792865,-0.718416380788669,0.2835753882411772,0.3655063550942997,-0.4596341495827446,-0.12216273697564192,-0.23051884107549298,0.0,1.0,0.0,0.0,1.0,0.0,0.0,0.0,0.0
301,tramadol,tramadol,tramadol,10.3109/03639045.2012.684390,PVA,acetone,False,69.16,-0.6633213970381322,-0.291839819132056,-1.029992081462097,0.2398343380488052,-0.5000452393355658,-0.39450247948939704,-1.0284021758792865,-0.718416380788669,-0.1933543803068854,0.3655063550942997,-0.07560095358433751,-0.12216273697564192,-0.23051884107549298,0.0,1.0,0.0,0.0,1.0,0.0,0.0,0.0,0.0
302,tramadol,tramadol,tramadol,10.3109/03639045.2012.684390,PVA,acetone,False,66.15,-0.6633213970381322,-0.291839819132056,-1.029992081462097,0.2398343380488052,-0.5000452393355658,-0.39450247948939704,-1.0284021758792865,-0.718416380788669,-0.1933543803068854,0.3655063550942997,-0.26761755158354106,-0.12216273697564192,-0.23051884107549298,0.0,1.0,0.0,0.0,1.0,0.0,0.0,0.0,0.0
303,tramadol,tramadol,tramadol,10.3109/03639045.2012.684390,PVA,acetone,False,64.52,-0.6633213970381322,-0.291839819132056,-1.029992081462097,0.2398343380488052,-0.5000452393355658,-0.39450247948939704,-1.0284021758792865,-0.718416380788669,-0.1933543803068854,0.3655063550942997,-0.4596341495827446,-0.12216273697564192,-0.23051884107549298,0.0,1.0,0.0,0.0,1.0,0.0,0.0,0.0,0.0
304,tramadol,tramadol,tramadol,10.3109/03639045.2012.684390,PVA,acetone,False,77.9,-0.6633213970381322,-0.291839819132056,-1.029992081462097,0.2398343380488052,-0.5000452393355658,-0.39450247948939704,-1.0284021758792865,-0.718416380788669,-0.42826008720369235,0.3655063550942997,-0.07560095358433751,-0.12216273697564192,-0.23051884107549298,0.0,1.0,0.0,0.0,1.0,0.0,0.0,0.0,0.0
305,tramadol,tramadol,tramadol,10.3109/03639045.2012.684390,PVA,acetone,False,75.74,-0.6633213970381322,-0.291839819132056,-1.029992081462097,0.2398343380488052,-0.5000452393355658,-0.39450247948939704,-1.0284021758792865,-0.718416380788669,-0.42826008720369235,0.3655063550942997,-0.26761755158354106,-0.12216273697564192,-0.23051884107549298,0.0,1.0,0.0,0.0,1.0,0.0,0.0,0.0,0.0
306,tramadol,tramadol,tramadol,10.3109/03639045.2012.684390,PVA,acetone,False,73.57,-0.6633213970381322,-0.291839819132056,-1.029992081462097,0.2398343380488052,-0.5000452393355658,-0.39450247948939704,-1.0284021758792865,-0.718416380788669,-0.42826008720369235,0.3655063550942997,-0.4596341495827446,-0.12216273697564192,-0.23051884107549298,0.0,1.0,0.0,0.0,1.0,0.0,0.0,0.0,0.0
307,tramadol,tramadol,tramadol,10.3109/03639045.2012.684390,PVA,acetone,False,54.42,-0.6633213970381322,-0.291839819132056,-1.029992081462097,0.2398343380488052,-0.5000452393355658,-0.39450247948939704,-1.0284021758792865,-0.718416380788669,0.2835753882411772,1.2472822341929806,-0.07560095358433751,-0.12216273697564192,-0.23051884107549298,0.0,1.0,0.0,0.0,1.0,0.0,0.0,0.0,0.0
308,tramadol,tramadol,tramadol,10.3109/03639045.2012.684390,PVA,acetone,False,51.37,-0.6633213970381322,-0.291839819132056,-1.029992081462097,0.2398343380488052,-0.5000452393355658,-0.39450247948939704,-1.0284021758792865,-0.718416380788669,0.2835753882411772,1.2472822341929806,-0.26761755158354106,-0.12216273697564192,-0.23051884107549298,0.0,1.0,0.0,0.0,1.0,0.0,0.0,0.0,0.0
309,tramadol,tramadol,tramadol,10.3109/03639045.2012.684390,PVA,acetone,False,49.23,-0.6633213970381322,-0.291839819132056,-1.029992081462097,0.2398343380488052,-0.5000452393355658,-0.39450247948939704,-1.0284021758792865,-0.718416380788669,0.2835753882411772,1.2472822341929806,-0.4596341495827446,-0.12216273697564192,-0.23051884107549298,0.0,1.0,0.0,0.0,1.0,0.0,0.0,0.0,0.0
310,tramadol,tramadol,tramadol,10.3109/03639045.2012.684390,PVA,acetone,False,66.01,-0.6633213970381322,-0.291839819132056,-1.029992081462097,0.2398343380488052,-0.5000452393355658,-0.39450247948939704,-1.0284021758792865,-0.718416380788669,-0.1933543803068854,1.2472822341929806,-0.07560095358433751,-0.12216273697564192,-0.23051884107549298,0.0,1.0,0.0,0.0,1.0,0.0,0.0,0.0,0.0
311,tramadol,tramadol,tramadol,10.3109/03639045.2012.684390,PVA,acetone,False,62.82,-0.6633213970381322,-0.291839819132056,-1.029992081462097,0.2398343380488052,-0.5000452393355658,-0.39450247948939704,-1.0284021758792865,-0.718416380788669,-0.1933543803068854,1.2472822341929806,-0.26761755158354106,-0.12216273697564192,-0.23051884107549298,0.0,1.0,0.0,0.0,1.0,0.0,0.0,0.0,0.0
312,tramadol,tramadol,tramadol,10.3109/03639045.2012.684390,PVA,acetone,False,61.32,-0.6633213970381322,-0.291839819132056,-1.029992081462097,0.2398343380488052,-0.5000452393355658,-0.39450247948939704,-1.0284021758792865,-0.718416380788669,-0.1933543803068854,1.2472822341929806,-0.4596341495827446,-0.12216273697564192,-0.23051884107549298,0.0,1.0,0.0,0.0,1.0,0.0,0.0,0.0,0.0
313,tramadol,tramadol,tramadol,10.3109/03639045.2012.684390,PVA,acetone,False,74.05,-0.6633213970381322,-0.291839819132056,-1.029992081462097,0.2398343380488052,-0.5000452393355658,-0.39450247948939704,-1.0284021758792865,-0.718416380788669,-0.42826008720369235,1.2472822341929806,-0.07560095358433751,-0.12216273697564192,-0.23051884107549298,0.0,1.0,0.0,0.0,1.0,0.0,0.0,0.0,0.0
314,tramadol,tramadol,tramadol,10.3109/03639045.2012.684390,PVA,acetone,False,71.42,-0.6633213970381322,-0.291839819132056,-1.029992081462097,0.2398343380488052,-0.5000452393355658,-0.39450247948939704,-1.0284021758792865,-0.718416380788669,-0.42826008720369235,1.2472822341929806,-0.26761755158354106,-0.12216273697564192,-0.23051884107549298,0.0,1.0,0.0,0.0,1.0,0.0,0.0,0.0,0.0
315,tramadol,tramadol,tramadol,10.3109/03639045.2012.684390,PVA,acetone,False,68.85,-0.6633213970381322,-0.291839819132056,-1.029992081462097,0.2398343380488052,-0.5000452393355658,-0.39450247948939704,-1.0284021758792865,-0.718416380788669,-0.42826008720369235,1.2472822341929806,-0.4596341495827446,-0.12216273697564192,-0.23051884107549298,0.0,1.0,0.0,0.0,1.0,0.0,0.0,0.0,0.0
316,methylene-blue,methylene-blue,methylene-blue,10.1039/c5ra27386b,none,acetone,False,3.12,-0.30452572705663794,-1.53495556810003,-1.3321908014649528,-1.0300172153392926,-0.5000452393355658,-1.14510454223471,-0.3828358464952089,-0.718416380788669,-0.9621366937873446,-1.398045403103062,-0.20425207424380387,-2.2308594010957816,-0.23051884107549298,0.0,1.0,0.0,0.0,1.0,0.0,0.0,0.0,0.0
317,xanthone,xanthone,xanthone,10.1016/j.ejpb.2004.09.002,poloxamer188,acetone,False,33.0,-1.090026516596506,-0.0658187738651514,-1.0864418048534783,0.13050936987631995,-0.8457356781045259,-1.14510454223471,-1.3511853405713254,1.047442733274437,-1.0689120151040747,-0.9571574635537216,-0.6516507475819482,1.1664852244311101,-0.23051884107549298,0.0,1.0,0.0,0.0,1.0,0.0,0.0,0.0,0.0
318,3-methoxyxanthone,3-methoxyxanthone,3-methoxyxanthone,10.1016/j.ejpb.2004.09.002,poloxamer188,acetone,False,41.5,-1.2810496362201522,-2.891081839701456,0.12257978087437664,2.2497318298352647,-0.1543548005666056,0.3560995832559158,-0.06005268180317012,1.047442733274437,-1.0689120151040747,-0.9571574635537216,-0.6516507475819482,1.1664852244311101,-0.23051884107549298,0.0,1.0,0.0,0.0,1.0,0.0,0.0,0.0,0.0
319,dexibuprofen,dexibuprofen,dexibuprofen,10.3390/nano10040720,PVA,acetone,False,93.4,-1.0259921618972592,0.018939118109937498,-0.9257074519037223,-1.8877977348464843,-1.191426116873486,-0.39450247948939704,-1.3511853405713254,-0.05403374381443111,-0.741467696399435,-0.5162695240043812,-0.4596341495827446,-0.12216273697564192,-0.23051884107549298,0.0,0.0,0.0,1.0,1.0,0.0,0.0,0.0,0.0
320,dexibuprofen,dexibuprofen,dexibuprofen,10.3390/nano10040720,polysorbate80,acetone,False,87.5,-1.0259921618972592,0.018939118109937498,-0.9257074519037223,-1.8877977348464843,-1.191426116873486,-0.39450247948939704,-1.3511853405713254,-0.05403374381443111,-0.741467696399435,-0.8689798756438535,-0.4596341495827446,-0.4736121809956652,-0.23051884107549298,0.0,0.0,0.0,1.0,1.0,0.0,0.0,0.0,0.0
321,dexibuprofen,dexibuprofen,dexibuprofen,10.3390/nano10040720,poloxamer188,acetone,False,85.1,-1.0259921618972592,0.018939118109937498,-0.9257074519037223,-1.8877977348464843,-1.191426116873486,-0.39450247948939704,-1.3511853405713254,-0.05403374381443111,-0.741467696399435,0.3655063550942997,-0.4596341495827446,1.1664852244311101,-0.23051884107549298,0.0,0.0,0.0,1.0,1.0,0.0,0.0,0.0,0.0
322,isoniazid,isoniazid,isoniazid,10.1080/01932691.2011.616128,poloxamer407,acetone,False,10.0,-1.4652754582715568,-2.36840817252174,-0.2294941967433542,0.08677938260732596,-0.5000452393355658,0.3560995832559158,-0.7056190111872477,1.047442733274437,3.8854628939922167,-1.2216902272833259,-0.07560095358433751,0.17071179970771083,-0.23051884107549298,0.0,1.0,0.0,0.0,1.0,0.0,0.0,0.0,0.0
323,garcinol,garcinol,garcinol,10.1038/s41598-017-00696-6,TPGS,acetone,False,53.43,1.4929465608552552,4.143823194230943,0.7655171926734008,-0.5758981167766616,0.5370260769713147,1.1067016460012287,-0.06005268180317012,-0.4841340824872272,-0.7841778249261271,-1.345138850357141,-0.4596341495827446,-0.7079118103423474,-0.23051884107549298,0.0,1.0,0.0,0.0,1.0,0.0,0.0,0.0,0.0
324,garcinol,garcinol,garcinol,10.1038/s41598-017-00696-6,TPGS,acetone,False,88.32,1.4929465608552552,4.143823194230943,0.7655171926734008,-0.5758981167766616,0.5370260769713147,1.1067016460012287,-0.06005268180317012,-0.4841340824872272,-0.42826008720369235,-1.345138850357141,-0.4596341495827446,-0.7079118103423474,-0.23051884107549298,0.0,1.0,0.0,0.0,1.0,0.0,0.0,0.0,0.0
325,garcinol,garcinol,garcinol,10.1038/s41598-017-00696-6,TPGS,acetone,False,60.61,1.4929465608552552,4.143823194230943,0.7655171926734008,-0.5758981167766616,0.5370260769713147,1.1067016460012287,-0.06005268180317012,-0.4841340824872272,-0.0723423494812577,-1.345138850357141,-0.4596341495827446,-0.7079118103423474,-0.23051884107549298,0.0,1.0,0.0,0.0,1.0,0.0,0.0,0.0,0.0
326,acetylpuerarin,acetylpuerarin,acetylpuerarin,10.1111/jphp.12481,polysorbate80,acetone,False,90.51,1.9108850723298043,0.04719174876830057,2.700223776697686,-0.811367278994322,3.6482400258919556,-1.14510454223471,2.844995800425179,-0.7883513952070098,1.6289444368319805,0.3655063550942997,-0.07560095358433751,-0.4736121809956652,-0.23051884107549298,0.0,1.0,0.0,0.0,1.0,0.0,0.0,0.0,0.0
327,paeonol,paeonol,paeonol,10.1016/j.ijpharm.2021.120617,poloxamer188,acetone,False,86.26,-1.2807955316380122,-1.0193450585849044,-0.7164580756376787,-0.340428954559001,-0.5000452393355658,-0.39450247948939704,-1.0284021758792865,-0.9631889312528619,3.607847058568718,0.012796003454827417,-0.26761755158354106,1.1664852244311101,-0.23051884107549298,0.0,1.0,0.0,0.0,1.0,0.0,0.0,0.0,0.0
328,tretinoin,tretinoin,tretinoin,10.1166/jnn.2006.401,none,acetone,False,98.8,-0.42789350168554413,1.8059180072514,-0.9257074519037223,0.2482439509851502,-1.191426116873486,-0.39450247948939704,-1.3511853405713254,-0.05403374381443111,-0.25030121834247504,-1.398045403103062,-0.2944998753034296,-2.2308594010957816,-0.23051884107549298,0.0,1.0,0.0,0.0,1.0,0.0,0.0,0.0,0.0
329,tetrandrine,tetrandrine,tetrandrine,10.3109/02652048.2016.1156175,PVA,acetone,False,63.72,1.619681221197515,2.907770602927559,-0.3689182123485729,0.8621456953383365,1.2284069545092349,-1.14510454223471,0.5855136475809075,-0.05403374381443111,-0.926544920015101,2.1290581132916615,-0.07560095358433751,-0.12216273697564192,-0.23051884107549298,0.0,1.0,0.0,0.0,1.0,0.0,0.0,0.0,0.0
330,cefpodoxime-proxetil,cefpodoxime-proxetil,cefpodoxime-proxetil,10.1016/j.jddst.2020.102145,poloxamer188,acetone,False,40.0,1.2058083830372046,-1.563208198758393,2.3313735760640424,-1.1057037317663976,3.3025495871229955,0.3560995832559158,3.167778965117218,0.43551135711395467,-0.42826008720369235,-0.5162695240043812,-0.20425207424380387,1.1664852244311101,-0.23051884107549298,0.0,1.0,0.0,0.0,1.0,0.0,0.0,0.0,0.0
331,cefpodoxime-proxetil,cefpodoxime-proxetil,cefpodoxime-proxetil,10.1016/j.jddst.2020.102145,poloxamer188,acetone,False,30.0,1.2058083830372046,-1.563208198758393,2.3313735760640424,-1.1057037317663976,3.3025495871229955,0.3560995832559158,3.167778965117218,0.43551135711395467,-0.7841778249261271,-0.5162695240043812,-0.20425207424380387,1.1664852244311101,-0.23051884107549298,0.0,1.0,0.0,0.0,1.0,0.0,0.0,0.0,0.0
332,paclitaxel,paclitaxel,paclitaxel,10.1016/S0168-3659(02)00212-2,poloxamer188,acetone,False,82.73,3.0881516013838137,0.4921706816375188,3.2454510247148414,0.8116880177202664,3.3025495871229955,1.8573037087465416,2.844995800425179,-0.9282214240436915,-1.0689120151040747,-0.9571574635537216,-0.4596341495827446,1.1664852244311101,-0.23051884107549298,0.0,1.0,0.0,0.0,1.0,0.0,0.0,0.0,0.0
333,paclitaxel,paclitaxel,paclitaxel,10.1016/S0168-3659(02)00212-2,poloxamer188,acetone,False,81.82,3.0881516013838137,0.4921706816375188,3.2454510247148414,0.8116880177202664,3.3025495871229955,1.8573037087465416,2.844995800425179,-0.630997612765743,-1.0689120151040747,-0.9571574635537216,-0.4596341495827446,1.1664852244311101,-0.23051884107549298,0.0,1.0,0.0,0.0,1.0,0.0,0.0,0.0,0.0
334,paclitaxel,paclitaxel,paclitaxel,10.1016/S0168-3659(02)00212-2,poloxamer188,acetone,False,81.82,3.0881516013838137,0.4921706816375188,3.2454510247148414,0.8116880177202664,3.3025495871229955,1.8573037087465416,2.844995800425179,1.0859069912045245,-1.0689120151040747,-0.9571574635537216,-0.4596341495827446,1.1664852244311101,-0.23051884107549298,0.0,1.0,0.0,0.0,0.0,0.0,0.0,1.0,0.0
335,capecitabine,capecitabine,capecitabine,PMC4694531,PVA,acetone,False,88.4,-0.05366097833905286,-1.6126503024105285,1.0151201864642065,-1.307534442238678,1.2284069545092349,1.1067016460012287,1.2310799769649852,-0.05403374381443111,0.2835753882411772,0.3655063550942997,-0.26761755158354106,-0.12216273697564192,-0.23051884107549298,0.0,1.0,0.0,0.0,1.0,0.0,0.0,0.0,0.0
336,flurbiprofen,flurbiprofen,flurbiprofen,10.1016/j.colsurfb.2009.03.028,poloxamer188,acetone,False,76.37,-0.7847198611554541,0.4497917356499742,-0.9257074519037223,-0.9442391633885734,-1.191426116873486,-0.39450247948939704,-1.0284021758792865,-0.11732493186302952,1.8282583699565436,0.3655063550942997,-0.4596341495827446,1.1664852244311101,-0.23051884107549298,0.0,0.0,0.0,1.0,0.0,0.0,0.0,1.0,0.0
337,flurbiprofen,flurbiprofen,flurbiprofen,10.1016/j.colsurfb.2009.03.028,poloxamer188,acetone,False,97.75,-0.7847198611554541,0.4497917356499742,-0.9257074519037223,-0.9442391633885734,-1.191426116873486,-0.39450247948939704,-1.0284021758792865,-0.11732493186302952,1.8282583699565436,0.3655063550942997,-0.4596341495827446,1.1664852244311101,-0.23051884107549298,0.0,0.0,0.0,1.0,0.0,0.0,0.0,1.0,0.0
338,flurbiprofen,flurbiprofen,flurbiprofen,10.1016/j.colsurfb.2009.03.028,poloxamer188,acetone,False,77.36,-0.7847198611554541,0.4497917356499742,-0.9257074519037223,-0.9442391633885734,-1.191426116873486,-0.39450247948939704,-1.0284021758792865,-0.11732493186302952,1.8282583699565436,2.1290581132916615,-0.4596341495827446,1.1664852244311101,-0.23051884107549298,0.0,0.0,0.0,1.0,0.0,0.0,0.0,1.0,0.0
339,flurbiprofen,flurbiprofen,flurbiprofen,10.1016/j.colsurfb.2009.03.028,poloxamer188,acetone,False,87.11,-0.7847198611554541,0.4497917356499742,-0.9257074519037223,-0.9442391633885734,-1.191426116873486,-0.39450247948939704,-1.0284021758792865,-0.11732493186302952,1.8282583699565436,2.1290581132916615,-0.4596341495827446,1.1664852244311101,-0.23051884107549298,0.0,0.0,0.0,1.0,0.0,0.0,0.0,1.0,0.0
340,flurbiprofen,flurbiprofen,flurbiprofen,10.1016/j.colsurfb.2009.03.028,poloxamer188,acetone,False,52.68,-0.7847198611554541,0.4497917356499742,-0.9257074519037223,-0.9442391633885734,-1.191426116873486,-0.39450247948939704,-1.0284021758792865,-0.11732493186302952,1.8282583699565436,0.3655063550942997,-0.4596341495827446,1.1664852244311101,-0.23051884107549298,1.0,0.0,0.0,0.0,0.0,0.0,0.0,1.0,0.0
341,flurbiprofen,flurbiprofen,flurbiprofen,10.1016/j.colsurfb.2009.03.028,poloxamer188,acetone,False,77.75,-0.7847198611554541,0.4497917356499742,-0.9257074519037223,-0.9442391633885734,-1.191426116873486,-0.39450247948939704,-1.0284021758792865,-0.11732493186302952,1.8282583699565436,0.3655063550942997,-0.4596341495827446,1.1664852244311101,-0.23051884107549298,1.0,0.0,0.0,0.0,0.0,0.0,0.0,1.0,0.0
342,flurbiprofen,flurbiprofen,flurbiprofen,10.1016/j.colsurfb.2009.03.028,poloxamer188,acetone,False,59.54,-0.7847198611554541,0.4497917356499742,-0.9257074519037223,-0.9442391633885734,-1.191426116873486,-0.39450247948939704,-1.0284021758792865,-0.11732493186302952,1.8282583699565436,2.1290581132916615,-0.4596341495827446,1.1664852244311101,-0.23051884107549298,1.0,0.0,0.0,0.0,0.0,0.0,0.0,1.0,0.0
343,flurbiprofen,flurbiprofen,flurbiprofen,10.1016/j.colsurfb.2009.03.028,poloxamer188,acetone,False,74.38,-0.7847198611554541,0.4497917356499742,-0.9257074519037223,-0.9442391633885734,-1.191426116873486,-0.39450247948939704,-1.0284021758792865,-0.11732493186302952,1.8282583699565436,2.1290581132916615,-0.4596341495827446,1.1664852244311101,-0.23051884107549298,1.0,0.0,0.0,0.0,0.0,0.0,0.0,1.0,0.0
344,flurbiprofen,flurbiprofen,flurbiprofen,10.1016/j.colsurfb.2009.03.028,poloxamer188,acetone,False,85.18,-0.7847198611554541,0.4497917356499742,-0.9257074519037223,-0.9442391633885734,-1.191426116873486,-0.39450247948939704,-1.0284021758792865,-0.11732493186302952,1.8282583699565436,1.2472822341929806,-0.4596341495827446,1.1664852244311101,-0.23051884107549298,1.0,0.0,0.0,0.0,0.0,0.0,0.0,1.0,0.0
345,flurbiprofen,flurbiprofen,flurbiprofen,10.1016/j.colsurfb.2009.03.028,poloxamer188,acetone,False,38.46,-0.7847198611554541,0.4497917356499742,-0.9257074519037223,-0.9442391633885734,-1.191426116873486,-0.39450247948939704,-1.0284021758792865,-0.11732493186302952,1.8282583699565436,1.2472822341929806,-0.4596341495827446,1.1664852244311101,-0.23051884107549298,1.0,0.0,0.0,0.0,0.0,0.0,0.0,1.0,0.0
346,flurbiprofen,flurbiprofen,flurbiprofen,10.1016/j.colsurfb.2009.03.028,poloxamer188,acetone,False,66.69,-0.7847198611554541,0.4497917356499742,-0.9257074519037223,-0.9442391633885734,-1.191426116873486,-0.39450247948939704,-1.0284021758792865,-0.11732493186302952,1.8282583699565436,2.728665711078764,-0.4596341495827446,1.1664852244311101,-0.23051884107549298,1.0,0.0,0.0,0.0,0.0,0.0,0.0,1.0,0.0
347,flurbiprofen,flurbiprofen,flurbiprofen,10.1016/j.colsurfb.2009.03.028,poloxamer188,acetone,False,63.76,-0.7847198611554541,0.4497917356499742,-0.9257074519037223,-0.9442391633885734,-1.191426116873486,-0.39450247948939704,-1.0284021758792865,-0.11732493186302952,1.8282583699565436,-0.23410124269280325,-0.4596341495827446,1.1664852244311101,-0.23051884107549298,1.0,0.0,0.0,0.0,0.0,0.0,0.0,1.0,0.0
348,flurbiprofen,flurbiprofen,flurbiprofen,10.1016/j.colsurfb.2009.03.028,poloxamer188,acetone,False,65.34,-0.7847198611554541,0.4497917356499742,-0.9257074519037223,-0.9442391633885734,-1.191426116873486,-0.39450247948939704,-1.0284021758792865,-0.11732493186302952,1.8282583699565436,1.2472822341929806,-0.4596341495827446,1.1664852244311101,-0.23051884107549298,0.0,1.0,0.0,0.0,0.0,0.0,0.0,1.0,0.0
349,flurbiprofen,flurbiprofen,flurbiprofen,10.1016/j.colsurfb.2009.03.028,poloxamer188,acetone,False,82.52,-0.7847198611554541,0.4497917356499742,-0.9257074519037223,-0.9442391633885734,-1.191426116873486,-0.39450247948939704,-1.0284021758792865,-0.11732493186302952,1.8282583699565436,1.2472822341929806,-0.4596341495827446,1.1664852244311101,-0.23051884107549298,0.0,0.0,0.0,1.0,0.0,0.0,0.0,1.0,0.0
350,flurbiprofen,flurbiprofen,flurbiprofen,10.1016/j.colsurfb.2009.03.028,poloxamer188,acetone,False,68.22,-0.7847198611554541,0.4497917356499742,-0.9257074519037223,-0.9442391633885734,-1.191426116873486,-0.39450247948939704,-1.0284021758792865,-0.11732493186302952,1.8282583699565436,1.2472822341929806,-0.4596341495827446,1.1664852244311101,-0.23051884107549298,1.0,0.0,0.0,0.0,0.0,0.0,0.0,1.0,0.0
351,flurbiprofen,flurbiprofen,flurbiprofen,10.1016/j.colsurfb.2009.03.028,poloxamer188,acetone,False,64.94,-0.7847198611554541,0.4497917356499742,-0.9257074519037223,-0.9442391633885734,-1.191426116873486,-0.39450247948939704,-1.0284021758792865,-0.11732493186302952,1.8282583699565436,1.2472822341929806,-0.4596341495827446,1.1664852244311101,-0.23051884107549298,1.0,0.0,0.0,0.0,0.0,0.0,0.0,1.0,0.0
352,flurbiprofen,flurbiprofen,flurbiprofen,10.1016/j.colsurfb.2009.03.028,poloxamer188,acetone,False,94.6,-0.7847198611554541,0.4497917356499742,-0.9257074519037223,-0.9442391633885734,-1.191426116873486,-0.39450247948939704,-1.0284021758792865,2.2013704711770608,1.8282583699565436,0.3655063550942997,-0.4596341495827446,1.1664852244311101,-0.23051884107549298,0.0,0.0,0.0,1.0,0.0,0.0,0.0,1.0,0.0
353,curcumin,curcumin,curcumin,10.1007/s10965-020-02092-7,PVA,acetone,False,48.15,0.003766657224557157,0.23083384804766055,0.33840362291692627,0.2818824027305303,0.5370260769713147,0.3560995832559158,-0.06005268180317012,7.127243211732898,-0.741467696399435,0.3655063550942997,-0.4596341495827446,-0.12216273697564192,-0.23051884107549298,0.0,1.0,0.0,0.0,1.0,0.0,0.0,0.0,0.0
354,niclosamide,niclosamide,niclosamide,10.1007/s10965-020-02092-7,PVA,acetone,False,70.23,-0.2584057453982519,0.5769285736126077,0.3250279856474825,1.0303379540652369,-0.1543548005666056,0.3560995832559158,0.5855136475809075,7.127243211732898,-0.741467696399435,0.3655063550942997,-0.4596341495827446,-0.12216273697564192,-0.23051884107549298,0.0,1.0,0.0,0.0,1.0,0.0,0.0,0.0,0.0
355,pranoprofen,pranoprofen,pranoprofen,10.1002/jps.24101,PVA,acetone,False,87.69,-0.7148411010669904,-0.05169245853596987,-0.42423440715779775,0.27347278979418527,-0.5000452393355658,-0.39450247948939704,-0.7056190111872477,-0.11732493186302952,-0.7201126321360889,0.3655063550942997,-0.4596341495827446,-0.12216273697564192,-0.23051884107549298,0.0,0.0,0.0,1.0,0.0,0.0,0.0,1.0,0.0
356,pranoprofen,pranoprofen,pranoprofen,10.1002/jps.24101,PVA,acetone,False,90.26,-0.7148411010669904,-0.05169245853596987,-0.42423440715779775,0.27347278979418527,-0.5000452393355658,-0.39450247948939704,-0.7056190111872477,-0.11732493186302952,0.11273487413440833,0.3655063550942997,-0.4596341495827446,-0.12216273697564192,-0.23051884107549298,0.0,0.0,0.0,1.0,0.0,0.0,0.0,1.0,0.0
357,pranoprofen,pranoprofen,pranoprofen,10.1002/jps.24101,PVA,acetone,False,82.57,-0.7148411010669904,-0.05169245853596987,-0.42423440715779775,0.27347278979418527,-0.5000452393355658,-0.39450247948939704,-0.7056190111872477,-0.11732493186302952,-0.7201126321360889,2.1290581132916615,-0.4596341495827446,-0.12216273697564192,-0.23051884107549298,0.0,0.0,0.0,1.0,0.0,0.0,0.0,1.0,0.0
358,pranoprofen,pranoprofen,pranoprofen,10.1002/jps.24101,PVA,acetone,False,90.85,-0.7148411010669904,-0.05169245853596987,-0.42423440715779775,0.27347278979418527,-0.5000452393355658,-0.39450247948939704,-0.7056190111872477,-0.11732493186302952,0.11273487413440833,2.1290581132916615,-0.4596341495827446,-0.12216273697564192,-0.23051884107549298,0.0,0.0,0.0,1.0,0.0,0.0,0.0,1.0,0.0
359,pranoprofen,pranoprofen,pranoprofen,10.1002/jps.24101,PVA,acetone,False,85.14,-0.7148411010669904,-0.05169245853596987,-0.42423440715779775,0.27347278979418527,-0.5000452393355658,-0.39450247948939704,-0.7056190111872477,-0.11732493186302952,-0.7628227606627811,0.3655063550942997,-0.4596341495827446,-0.12216273697564192,-0.23051884107549298,0.0,0.0,0.0,1.0,0.0,0.0,0.0,1.0,0.0
360,pranoprofen,pranoprofen,pranoprofen,10.1002/jps.24101,PVA,acetone,False,89.29,-0.7148411010669904,-0.05169245853596987,-0.42423440715779775,0.27347278979418527,-0.5000452393355658,-0.39450247948939704,-0.7056190111872477,-0.11732493186302952,-0.015395511445668088,0.3655063550942997,-0.4596341495827446,-0.12216273697564192,-0.23051884107549298,0.0,0.0,0.0,1.0,0.0,0.0,0.0,1.0,0.0
361,pranoprofen,pranoprofen,pranoprofen,10.1002/jps.24101,PVA,acetone,False,89.93,-0.7148411010669904,-0.05169245853596987,-0.42423440715779775,0.27347278979418527,-0.5000452393355658,-0.39450247948939704,-0.7056190111872477,-0.11732493186302952,-0.7628227606627811,2.1290581132916615,-0.4596341495827446,-0.12216273697564192,-0.23051884107549298,0.0,0.0,0.0,1.0,0.0,0.0,0.0,1.0,0.0
362,pranoprofen,pranoprofen,pranoprofen,10.1002/jps.24101,PVA,acetone,False,89.01,-0.7148411010669904,-0.05169245853596987,-0.42423440715779775,0.27347278979418527,-0.5000452393355658,-0.39450247948939704,-0.7056190111872477,-0.11732493186302952,-0.015395511445668088,2.1290581132916615,-0.4596341495827446,-0.12216273697564192,-0.23051884107549298,0.0,0.0,0.0,1.0,0.0,0.0,0.0,1.0,0.0
363,pranoprofen,pranoprofen,pranoprofen,10.1002/jps.24101,PVA,acetone,False,66.5,-0.7148411010669904,-0.05169245853596987,-0.42423440715779775,0.27347278979418527,-0.5000452393355658,-0.39450247948939704,-0.7056190111872477,-0.11732493186302952,-0.015395511445668088,2.1290581132916615,-0.4596341495827446,-0.12216273697564192,-0.23051884107549298,1.0,0.0,0.0,0.0,0.0,0.0,0.0,1.0,0.0
364,pranoprofen,pranoprofen,pranoprofen,10.1002/jps.24101,PVA,acetone,False,49.79,-0.7148411010669904,-0.05169245853596987,-0.42423440715779775,0.27347278979418527,-0.5000452393355658,-0.39450247948939704,-0.7056190111872477,-0.11732493186302952,-0.7628227606627811,2.1290581132916615,-0.4596341495827446,-0.12216273697564192,-0.23051884107549298,1.0,0.0,0.0,0.0,0.0,0.0,0.0,1.0,0.0
365,pranoprofen,pranoprofen,pranoprofen,10.1002/jps.24101,PVA,acetone,False,80.02,-0.7148411010669904,-0.05169245853596987,-0.42423440715779775,0.27347278979418527,-0.5000452393355658,-0.39450247948939704,-0.7056190111872477,-0.11732493186302952,-0.015395511445668088,0.3655063550942997,-0.4596341495827446,-0.12216273697564192,-0.23051884107549298,1.0,0.0,0.0,0.0,0.0,0.0,0.0,1.0,0.0
366,pranoprofen,pranoprofen,pranoprofen,10.1002/jps.24101,PVA,acetone,False,62.05,-0.7148411010669904,-0.05169245853596987,-0.42423440715779775,0.27347278979418527,-0.5000452393355658,-0.39450247948939704,-0.7056190111872477,-0.11732493186302952,-0.7628227606627811,0.3655063550942997,-0.4596341495827446,-0.12216273697564192,-0.23051884107549298,1.0,0.0,0.0,0.0,0.0,0.0,0.0,1.0,0.0
367,pranoprofen,pranoprofen,pranoprofen,10.1002/jps.24101,PVA,acetone,False,45.54,-0.7148411010669904,-0.05169245853596987,-0.42423440715779775,0.27347278979418527,-0.5000452393355658,-0.39450247948939704,-0.7056190111872477,-0.11732493186302952,0.11273487413440833,2.1290581132916615,-0.4596341495827446,-0.12216273697564192,-0.23051884107549298,1.0,0.0,0.0,0.0,0.0,0.0,0.0,1.0,0.0
368,pranoprofen,pranoprofen,pranoprofen,10.1002/jps.24101,PVA,acetone,False,39.79,-0.7148411010669904,-0.05169245853596987,-0.42423440715779775,0.27347278979418527,-0.5000452393355658,-0.39450247948939704,-0.7056190111872477,-0.11732493186302952,-0.7201126321360889,2.1290581132916615,-0.4596341495827446,-0.12216273697564192,-0.23051884107549298,1.0,0.0,0.0,0.0,0.0,0.0,0.0,1.0,0.0
369,pranoprofen,pranoprofen,pranoprofen,10.1002/jps.24101,PVA,acetone,False,69.51,-0.7148411010669904,-0.05169245853596987,-0.42423440715779775,0.27347278979418527,-0.5000452393355658,-0.39450247948939704,-0.7056190111872477,-0.11732493186302952,0.11273487413440833,0.3655063550942997,-0.4596341495827446,-0.12216273697564192,-0.23051884107549298,1.0,0.0,0.0,0.0,0.0,0.0,0.0,1.0,0.0
370,pranoprofen,pranoprofen,pranoprofen,10.1002/jps.24101,PVA,acetone,False,72.74,-0.7148411010669904,-0.05169245853596987,-0.42423440715779775,0.27347278979418527,-0.5000452393355658,-0.39450247948939704,-0.7056190111872477,-0.11732493186302952,-0.7201126321360889,0.3655063550942997,-0.4596341495827446,-0.12216273697564192,-0.23051884107549298,1.0,0.0,0.0,0.0,0.0,0.0,0.0,1.0,0.0
371,pranoprofen,pranoprofen,pranoprofen,10.1002/jps.24101,PVA,acetone,False,77.23,-0.7148411010669904,-0.05169245853596987,-0.42423440715779775,0.27347278979418527,-0.5000452393355658,-0.39450247948939704,-0.7056190111872477,-0.11732493186302952,0.4401791928390484,1.2472822341929806,-0.4596341495827446,-0.12216273697564192,-0.23051884107549298,1.0,0.0,0.0,0.0,0.0,0.0,0.0,1.0,0.0
372,pranoprofen,pranoprofen,pranoprofen,10.1002/jps.24101,PVA,acetone,True,0.0,-0.7148411010669904,-0.05169245853596987,-0.42423440715779775,0.27347278979418527,-0.5000452393355658,-0.39450247948939704,-0.7056190111872477,-0.11732493186302952,-0.25030121834247504,1.2472822341929806,-0.4596341495827446,-0.12216273697564192,-0.23051884107549298,1.0,0.0,0.0,0.0,0.0,0.0,0.0,1.0,0.0
373,pranoprofen,pranoprofen,pranoprofen,10.1002/jps.24101,PVA,acetone,False,80.29,-0.7148411010669904,-0.05169245853596987,-0.42423440715779775,0.27347278979418527,-0.5000452393355658,-0.39450247948939704,-0.7056190111872477,-0.11732493186302952,-0.3499581849047567,3.010833992390342,-0.4596341495827446,-0.12216273697564192,-0.23051884107549298,1.0,0.0,0.0,0.0,0.0,0.0,0.0,1.0,0.0
374,pranoprofen,pranoprofen,pranoprofen,10.1002/jps.24101,PVA,acetone,False,80.34,-0.7148411010669904,-0.05169245853596987,-0.42423440715779775,0.27347278979418527,-0.5000452393355658,-0.39450247948939704,-0.7056190111872477,-0.11732493186302952,-0.3499581849047567,-0.5162695240043812,-0.4596341495827446,-0.12216273697564192,-0.23051884107549298,1.0,0.0,0.0,0.0,0.0,0.0,0.0,1.0,0.0
375,pranoprofen,pranoprofen,pranoprofen,10.1002/jps.24101,PVA,acetone,False,77.15,-0.7148411010669904,-0.05169245853596987,-0.42423440715779775,0.27347278979418527,-0.5000452393355658,-0.39450247948939704,-0.7056190111872477,-0.11732493186302952,-0.42826008720369235,1.2472822341929806,-0.4596341495827446,-0.12216273697564192,-0.23051884107549298,1.0,0.0,0.0,0.0,0.0,0.0,0.0,1.0,0.0
376,pranoprofen,pranoprofen,pranoprofen,10.1002/jps.24101,PVA,acetone,False,68.48,-0.7148411010669904,-0.05169245853596987,-0.42423440715779775,0.27347278979418527,-0.5000452393355658,-0.39450247948939704,-0.7056190111872477,-0.11732493186302952,-0.25030121834247504,1.2472822341929806,-0.4596341495827446,-0.12216273697564192,-0.23051884107549298,1.0,0.0,0.0,0.0,0.0,0.0,0.0,1.0,0.0
377,pranoprofen,pranoprofen,pranoprofen,10.1002/jps.24101,PVA,acetone,False,58.7,-0.7148411010669904,-0.05169245853596987,-0.42423440715779775,0.27347278979418527,-0.5000452393355658,-0.39450247948939704,-0.7056190111872477,-0.11732493186302952,-0.3499581849047567,1.2472822341929806,-0.4596341495827446,-0.12216273697564192,-0.23051884107549298,0.0,1.0,0.0,0.0,0.0,0.0,0.0,1.0,0.0
378,pranoprofen,pranoprofen,pranoprofen,10.1002/jps.24101,PVA,acetone,False,86.39,-0.7148411010669904,-0.05169245853596987,-0.42423440715779775,0.27347278979418527,-0.5000452393355658,-0.39450247948939704,-0.7056190111872477,-0.11732493186302952,-0.3499581849047567,1.2472822341929806,-0.4596341495827446,-0.12216273697564192,-0.23051884107549298,0.0,0.0,0.0,1.0,0.0,0.0,0.0,1.0,0.0
379,pranoprofen,pranoprofen,pranoprofen,10.1002/jps.24101,PVA,acetone,False,62.01,-0.7148411010669904,-0.05169245853596987,-0.42423440715779775,0.27347278979418527,-0.5000452393355658,-0.39450247948939704,-0.7056190111872477,-0.11732493186302952,-0.3499581849047567,1.2472822341929806,-0.4596341495827446,-0.12216273697564192,-0.23051884107549298,1.0,0.0,0.0,0.0,0.0,0.0,0.0,1.0,0.0
380,pranoprofen,pranoprofen,pranoprofen,10.1002/jps.24101,PVA,acetone,False,62.09,-0.7148411010669904,-0.05169245853596987,-0.42423440715779775,0.27347278979418527,-0.5000452393355658,-0.39450247948939704,-0.7056190111872477,-0.11732493186302952,-0.3499581849047567,1.2472822341929806,-0.4596341495827446,-0.12216273697564192,-0.23051884107549298,1.0,0.0,0.0,0.0,0.0,0.0,0.0,1.0,0.0
381,efavirenz,efavirenz,efavirenz,10.1021/acsami.8b12214,poloxamer407,acetone,False,85.9,-0.33107965589025423,0.725254884569014,-0.9023567631113035,-0.4413443097951413,-0.8457356781045259,-0.39450247948939704,0.2627304828888687,-1.095366108503526,-0.7841778249261271,0.3655063550942997,2.9966646144029196,0.17071179970771083,-0.23051884107549298,0.0,1.0,0.0,0.0,1.0,0.0,0.0,0.0,0.0
382,anastrozole,anastrozole,anastrozole,10.3109/02652048.2013.808280,poloxamer188,acetone,False,41.21,-0.4728064865787658,-0.07994508919433295,0.003559279747970541,-1.4252690233475083,0.19133563820235452,-1.14510454223471,-0.3828358464952089,-1.095366108503526,-0.42826008720369235,-0.9571574635537216,-0.4596341495827446,1.1664852244311101,-0.23051884107549298,0.0,1.0,0.0,0.0,1.0,0.0,0.0,0.0,0.0
383,anastrozole,anastrozole,anastrozole,10.3109/02652048.2013.808280,poloxamer188,acetone,False,37.61,-0.4728064865787658,-0.07994508919433295,0.003559279747970541,-1.4252690233475083,0.19133563820235452,-1.14510454223471,-0.3828358464952089,-1.095366108503526,-0.42826008720369235,-0.5162695240043812,-0.4596341495827446,1.1664852244311101,-0.23051884107549298,0.0,1.0,0.0,0.0,1.0,0.0,0.0,0.0,0.0
384,anastrozole,anastrozole,anastrozole,10.3109/02652048.2013.808280,poloxamer188,acetone,False,39.55,-0.4728064865787658,-0.07994508919433295,0.003559279747970541,-1.4252690233475083,0.19133563820235452,-1.14510454223471,-0.3828358464952089,-1.095366108503526,-0.42826008720369235,-0.07538158445504074,-0.4596341495827446,1.1664852244311101,-0.23051884107549298,0.0,1.0,0.0,0.0,1.0,0.0,0.0,0.0,0.0
385,anastrozole,anastrozole,anastrozole,10.3109/02652048.2013.808280,poloxamer188,acetone,False,50.53,-0.4728064865787658,-0.07994508919433295,0.003559279747970541,-1.4252690233475083,0.19133563820235452,-1.14510454223471,-0.3828358464952089,-1.095366108503526,-0.42826008720369235,-0.9571574635537216,-0.4596341495827446,1.1664852244311101,-0.23051884107549298,0.0,1.0,0.0,0.0,1.0,0.0,0.0,0.0,0.0
386,anastrozole,anastrozole,anastrozole,10.3109/02652048.2013.808280,poloxamer188,acetone,False,45.99,-0.4728064865787658,-0.07994508919433295,0.003559279747970541,-1.4252690233475083,0.19133563820235452,-1.14510454223471,-0.3828358464952089,-1.095366108503526,-0.42826008720369235,-0.5162695240043812,-0.4596341495827446,1.1664852244311101,-0.23051884107549298,0.0,1.0,0.0,0.0,1.0,0.0,0.0,0.0,0.0
387,anastrozole,anastrozole,anastrozole,10.3109/02652048.2013.808280,poloxamer188,acetone,False,47.87,-0.4728064865787658,-0.07994508919433295,0.003559279747970541,-1.4252690233475083,0.19133563820235452,-1.14510454223471,-0.3828358464952089,-1.095366108503526,-0.42826008720369235,-0.07538158445504074,-0.4596341495827446,1.1664852244311101,-0.23051884107549298,0.0,1.0,0.0,0.0,1.0,0.0,0.0,0.0,0.0
388,anastrozole,anastrozole,anastrozole,10.3109/02652048.2013.808280,poloxamer188,acetone,False,56.75,-0.4728064865787658,-0.07994508919433295,0.003559279747970541,-1.4252690233475083,0.19133563820235452,-1.14510454223471,-0.3828358464952089,-1.095366108503526,-0.42826008720369235,-0.9571574635537216,-0.4596341495827446,1.1664852244311101,-0.23051884107549298,0.0,1.0,0.0,0.0,1.0,0.0,0.0,0.0,0.0
389,anastrozole,anastrozole,anastrozole,10.3109/02652048.2013.808280,poloxamer188,acetone,False,53.26,-0.4728064865787658,-0.07994508919433295,0.003559279747970541,-1.4252690233475083,0.19133563820235452,-1.14510454223471,-0.3828358464952089,-1.095366108503526,-0.42826008720369235,-0.5162695240043812,-0.4596341495827446,1.1664852244311101,-0.23051884107549298,0.0,1.0,0.0,0.0,1.0,0.0,0.0,0.0,0.0
390,anastrozole,anastrozole,anastrozole,10.3109/02652048.2013.808280,poloxamer188,acetone,False,57.38,-0.4728064865787658,-0.07994508919433295,0.003559279747970541,-1.4252690233475083,0.19133563820235452,-1.14510454223471,-0.3828358464952089,-1.095366108503526,-0.42826008720369235,-0.07538158445504074,-0.4596341495827446,1.1664852244311101,-0.23051884107549298,0.0,1.0,0.0,0.0,1.0,0.0,0.0,0.0,0.0
391,anastrozole,anastrozole,anastrozole,10.3109/02652048.2013.808280,poloxamer188,acetone,False,43.29,-0.4728064865787658,-0.07994508919433295,0.003559279747970541,-1.4252690233475083,0.19133563820235452,-1.14510454223471,-0.3828358464952089,-1.095366108503526,-0.6631657941004993,-0.9571574635537216,-0.4596341495827446,1.1664852244311101,-0.23051884107549298,0.0,1.0,0.0,0.0,1.0,0.0,0.0,0.0,0.0
392,anastrozole,anastrozole,anastrozole,10.3109/02652048.2013.808280,poloxamer188,acetone,False,44.66,-0.4728064865787658,-0.07994508919433295,0.003559279747970541,-1.4252690233475083,0.19133563820235452,-1.14510454223471,-0.3828358464952089,-1.095366108503526,-0.6631657941004993,-0.5162695240043812,-0.4596341495827446,1.1664852244311101,-0.23051884107549298,0.0,1.0,0.0,0.0,1.0,0.0,0.0,0.0,0.0
393,anastrozole,anastrozole,anastrozole,10.3109/02652048.2013.808280,poloxamer188,acetone,False,42.42,-0.4728064865787658,-0.07994508919433295,0.003559279747970541,-1.4252690233475083,0.19133563820235452,-1.14510454223471,-0.3828358464952089,-1.095366108503526,-0.6631657941004993,-0.07538158445504074,-0.4596341495827446,1.1664852244311101,-0.23051884107549298,0.0,1.0,0.0,0.0,1.0,0.0,0.0,0.0,0.0
394,anastrozole,anastrozole,anastrozole,10.3109/02652048.2013.808280,poloxamer188,acetone,False,54.82,-0.4728064865787658,-0.07994508919433295,0.003559279747970541,-1.4252690233475083,0.19133563820235452,-1.14510454223471,-0.3828358464952089,-1.095366108503526,-0.6631657941004993,-0.9571574635537216,-0.4596341495827446,1.1664852244311101,-0.23051884107549298,0.0,1.0,0.0,0.0,1.0,0.0,0.0,0.0,0.0
395,anastrozole,anastrozole,anastrozole,10.3109/02652048.2013.808280,poloxamer188,acetone,False,48.66,-0.4728064865787658,-0.07994508919433295,0.003559279747970541,-1.4252690233475083,0.19133563820235452,-1.14510454223471,-0.3828358464952089,-1.095366108503526,-0.6631657941004993,-0.5162695240043812,-0.4596341495827446,1.1664852244311101,-0.23051884107549298,0.0,1.0,0.0,0.0,1.0,0.0,0.0,0.0,0.0
396,anastrozole,anastrozole,anastrozole,10.3109/02652048.2013.808280,poloxamer188,acetone,False,52.66,-0.4728064865787658,-0.07994508919433295,0.003559279747970541,-1.4252690233475083,0.19133563820235452,-1.14510454223471,-0.3828358464952089,-1.095366108503526,-0.6631657941004993,-0.07538158445504074,-0.4596341495827446,1.1664852244311101,-0.23051884107549298,0.0,1.0,0.0,0.0,1.0,0.0,0.0,0.0,0.0
397,anastrozole,anastrozole,anastrozole,10.3109/02652048.2013.808280,poloxamer188,acetone,False,58.52,-0.4728064865787658,-0.07994508919433295,0.003559279747970541,-1.4252690233475083,0.19133563820235452,-1.14510454223471,-0.3828358464952089,-1.095366108503526,-0.6631657941004993,-0.9571574635537216,-0.4596341495827446,1.1664852244311101,-0.23051884107549298,0.0,1.0,0.0,0.0,1.0,0.0,0.0,0.0,0.0
398,anastrozole,anastrozole,anastrozole,10.3109/02652048.2013.808280,poloxamer188,acetone,False,55.04,-0.4728064865787658,-0.07994508919433295,0.003559279747970541,-1.4252690233475083,0.19133563820235452,-1.14510454223471,-0.3828358464952089,-1.095366108503526,-0.6631657941004993,-0.5162695240043812,-0.4596341495827446,1.1664852244311101,-0.23051884107549298,0.0,1.0,0.0,0.0,1.0,0.0,0.0,0.0,0.0
399,anastrozole,anastrozole,anastrozole,10.3109/02652048.2013.808280,poloxamer188,acetone,False,57.14,-0.4728064865787658,-0.07994508919433295,0.003559279747970541,-1.4252690233475083,0.19133563820235452,-1.14510454223471,-0.3828358464952089,-1.095366108503526,-0.6631657941004993,-0.07538158445504074,-0.4596341495827446,1.1664852244311101,-0.23051884107549298,0.0,1.0,0.0,0.0,1.0,0.0,0.0,0.0,0.0
400,anastrozole,anastrozole,anastrozole,10.3109/02652048.2013.808280,poloxamer188,acetone,False,36.66,-0.4728064865787658,-0.07994508919433295,0.003559279747970541,-1.4252690233475083,0.19133563820235452,-1.14510454223471,-0.3828358464952089,-1.095366108503526,-0.7841778249261271,-0.9571574635537216,-0.4596341495827446,1.1664852244311101,-0.23051884107549298,0.0,1.0,0.0,0.0,1.0,0.0,0.0,0.0,0.0
401,anastrozole,anastrozole,anastrozole,10.3109/02652048.2013.808280,poloxamer188,acetone,False,43.18,-0.4728064865787658,-0.07994508919433295,0.003559279747970541,-1.4252690233475083,0.19133563820235452,-1.14510454223471,-0.3828358464952089,-1.095366108503526,-0.7841778249261271,-0.5162695240043812,-0.4596341495827446,1.1664852244311101,-0.23051884107549298,0.0,1.0,0.0,0.0,1.0,0.0,0.0,0.0,0.0
402,anastrozole,anastrozole,anastrozole,10.3109/02652048.2013.808280,poloxamer188,acetone,False,39.11,-0.4728064865787658,-0.07994508919433295,0.003559279747970541,-1.4252690233475083,0.19133563820235452,-1.14510454223471,-0.3828358464952089,-1.095366108503526,-0.7841778249261271,-0.07538158445504074,-0.4596341495827446,1.1664852244311101,-0.23051884107549298,0.0,1.0,0.0,0.0,1.0,0.0,0.0,0.0,0.0
403,anastrozole,anastrozole,anastrozole,10.3109/02652048.2013.808280,poloxamer188,acetone,False,49.03,-0.4728064865787658,-0.07994508919433295,0.003559279747970541,-1.4252690233475083,0.19133563820235452,-1.14510454223471,-0.3828358464952089,-1.095366108503526,-0.7841778249261271,-0.9571574635537216,-0.4596341495827446,1.1664852244311101,-0.23051884107549298,0.0,1.0,0.0,0.0,1.0,0.0,0.0,0.0,0.0
404,anastrozole,anastrozole,anastrozole,10.3109/02652048.2013.808280,poloxamer188,acetone,False,52.53,-0.4728064865787658,-0.07994508919433295,0.003559279747970541,-1.4252690233475083,0.19133563820235452,-1.14510454223471,-0.3828358464952089,-1.095366108503526,-0.7841778249261271,-0.5162695240043812,-0.4596341495827446,1.1664852244311101,-0.23051884107549298,0.0,1.0,0.0,0.0,1.0,0.0,0.0,0.0,0.0
405,anastrozole,anastrozole,anastrozole,10.3109/02652048.2013.808280,poloxamer188,acetone,False,46.35,-0.4728064865787658,-0.07994508919433295,0.003559279747970541,-1.4252690233475083,0.19133563820235452,-1.14510454223471,-0.3828358464952089,-1.095366108503526,-0.7841778249261271,-0.07538158445504074,-0.4596341495827446,1.1664852244311101,-0.23051884107549298,0.0,1.0,0.0,0.0,1.0,0.0,0.0,0.0,0.0
406,anastrozole,anastrozole,anastrozole,10.3109/02652048.2013.808280,poloxamer188,acetone,False,61.65,-0.4728064865787658,-0.07994508919433295,0.003559279747970541,-1.4252690233475083,0.19133563820235452,-1.14510454223471,-0.3828358464952089,-1.095366108503526,-0.7841778249261271,-0.9571574635537216,-0.4596341495827446,1.1664852244311101,-0.23051884107549298,0.0,1.0,0.0,0.0,1.0,0.0,0.0,0.0,0.0
407,anastrozole,anastrozole,anastrozole,10.3109/02652048.2013.808280,poloxamer188,acetone,False,59.7,-0.4728064865787658,-0.07994508919433295,0.003559279747970541,-1.4252690233475083,0.19133563820235452,-1.14510454223471,-0.3828358464952089,-1.095366108503526,-0.7841778249261271,-0.5162695240043812,-0.4596341495827446,1.1664852244311101,-0.23051884107549298,0.0,1.0,0.0,0.0,1.0,0.0,0.0,0.0,0.0
408,anastrozole,anastrozole,anastrozole,10.3109/02652048.2013.808280,poloxamer188,acetone,False,54.32,-0.4728064865787658,-0.07994508919433295,0.003559279747970541,-1.4252690233475083,0.19133563820235452,-1.14510454223471,-0.3828358464952089,-1.095366108503526,-0.7841778249261271,-0.07538158445504074,-0.4596341495827446,1.1664852244311101,-0.23051884107549298,0.0,1.0,0.0,0.0,1.0,0.0,0.0,0.0,0.0
409,mometasone-furoate,mometasone-furoate,mometasone-furoate,10.1021/acsomega.0c00111,SolutolHS-15,acetone,False,90.0,0.9760343146372289,1.2903074977362747,0.35540655164927004,0.8873745341473716,0.5370260769713147,-0.39450247948939704,0.5855136475809075,2.671683443140403,1.2303165705828536,-1.2216902272833259,-0.4596341495827446,-0.4736121809956652,-0.23051884107549298,0.0,1.0,0.0,0.0,1.0,0.0,0.0,0.0,0.0
410,procaine_hydrochloride,procaine_hydrochloride,procaine,10.1016/S0168-3659(98)00116-3,none,acetonitrile,False,14.5,-0.6036068202352632,-0.6026187563740495,-0.5117428137002602,-0.1806463087684457,-0.1543548005666056,-0.39450247948939704,-0.3828358464952089,-0.7883513952070098,-1.0689120151040747,-1.398045403103062,-0.26761755158354106,-2.2308594010957816,1.230242657108149,1.0,0.0,0.0,0.0,1.0,0.0,0.0,0.0,0.0
411,procaine_hydrochloride,procaine_hydrochloride,procaine,10.1016/S0168-3659(98)00116-3,none,acetonitrile,False,11.0,-0.6036068202352632,-0.6026187563740495,-0.5117428137002602,-0.1806463087684457,-0.1543548005666056,-0.39450247948939704,-0.3828358464952089,-0.7883513952070098,-0.997728467559588,-1.398045403103062,-0.26761755158354106,-2.2308594010957816,1.230242657108149,1.0,0.0,0.0,0.0,1.0,0.0,0.0,0.0,0.0
412,procaine_hydrochloride,procaine_hydrochloride,procaine,10.1016/S0168-3659(98)00116-3,none,acetonitrile,False,8.9,-0.6036068202352632,-0.6026187563740495,-0.5117428137002602,-0.1806463087684457,-0.1543548005666056,-0.39450247948939704,-0.3828358464952089,-0.7883513952070098,-0.855361372470614,-1.398045403103062,-0.26761755158354106,-2.2308594010957816,1.230242657108149,1.0,0.0,0.0,0.0,1.0,0.0,0.0,0.0,0.0
413,procaine_hydrochloride,procaine_hydrochloride,procaine,10.1016/S0168-3659(98)00116-3,none,acetonitrile,False,7.6,-0.6036068202352632,-0.6026187563740495,-0.5117428137002602,-0.1806463087684457,-0.1543548005666056,-0.39450247948939704,-0.3828358464952089,-0.7883513952070098,-0.7129942773816402,-1.398045403103062,-0.26761755158354106,-2.2308594010957816,1.230242657108149,1.0,0.0,0.0,0.0,1.0,0.0,0.0,0.0,0.0
414,procaine_hydrochloride,procaine_hydrochloride,procaine,10.1016/S0168-3659(98)00116-3,none,acetonitrile,False,6.3,-0.6036068202352632,-0.6026187563740495,-0.5117428137002602,-0.1806463087684457,-0.1543548005666056,-0.39450247948939704,-0.3828358464952089,-0.7883513952070098,-0.42826008720369235,-1.398045403103062,-0.26761755158354106,-2.2308594010957816,1.230242657108149,1.0,0.0,0.0,0.0,1.0,0.0,0.0,0.0,0.0
415,procaine_hydrochloride,procaine_hydrochloride,procaine,10.1016/S0168-3659(98)00116-3,none,acetonitrile,False,62.0,-0.6036068202352632,-0.6026187563740495,-0.5117428137002602,-0.1806463087684457,-0.1543548005666056,-0.39450247948939704,-0.3828358464952089,-0.7883513952070098,-1.0689120151040747,-1.398045403103062,-0.26761755158354106,-2.2308594010957816,1.230242657108149,0.0,0.0,1.0,0.0,1.0,0.0,0.0,0.0,0.0
416,procaine_hydrochloride,procaine_hydrochloride,procaine,10.1016/S0168-3659(98)00116-3,none,acetonitrile,False,58.2,-0.6036068202352632,-0.6026187563740495,-0.5117428137002602,-0.1806463087684457,-0.1543548005666056,-0.39450247948939704,-0.3828358464952089,-0.7883513952070098,-0.997728467559588,-1.398045403103062,-0.26761755158354106,-2.2308594010957816,1.230242657108149,0.0,0.0,1.0,0.0,1.0,0.0,0.0,0.0,0.0
417,procaine_hydrochloride,procaine_hydrochloride,procaine,10.1016/S0168-3659(98)00116-3,none,acetonitrile,False,44.7,-0.6036068202352632,-0.6026187563740495,-0.5117428137002602,-0.1806463087684457,-0.1543548005666056,-0.39450247948939704,-0.3828358464952089,-0.7883513952070098,-0.855361372470614,-1.398045403103062,-0.26761755158354106,-2.2308594010957816,1.230242657108149,0.0,0.0,1.0,0.0,1.0,0.0,0.0,0.0,0.0
418,procaine_hydrochloride,procaine_hydrochloride,procaine,10.1016/S0168-3659(98)00116-3,none,acetonitrile,False,37.7,-0.6036068202352632,-0.6026187563740495,-0.5117428137002602,-0.1806463087684457,-0.1543548005666056,-0.39450247948939704,-0.3828358464952089,-0.7883513952070098,-0.7129942773816402,-1.398045403103062,-0.26761755158354106,-2.2308594010957816,1.230242657108149,0.0,0.0,1.0,0.0,1.0,0.0,0.0,0.0,0.0
419,procaine_hydrochloride,procaine_hydrochloride,procaine,10.1016/S0168-3659(98)00116-3,none,acetonitrile,False,28.3,-0.6036068202352632,-0.6026187563740495,-0.5117428137002602,-0.1806463087684457,-0.1543548005666056,-0.39450247948939704,-0.3828358464952089,-0.7883513952070098,-0.42826008720369235,-1.398045403103062,-0.26761755158354106,-2.2308594010957816,1.230242657108149,0.0,0.0,1.0,0.0,1.0,0.0,0.0,0.0,0.0
420,procaine_dihydrate,procaine_dihydrate,procaine,10.1016/S0168-3659(98)00116-3,none,acetonitrile,False,36.2,-0.6063384444932665,-2.064692392944337,0.9165031998166131,-1.770063153737654,-0.1543548005666056,-0.39450247948939704,-0.06005268180317012,-0.7883513952070098,-1.0689120151040747,-1.398045403103062,-0.26761755158354106,-2.2308594010957816,1.230242657108149,1.0,0.0,0.0,0.0,1.0,0.0,0.0,0.0,0.0
421,procaine_dihydrate,procaine_dihydrate,procaine,10.1016/S0168-3659(98)00116-3,none,acetonitrile,False,41.4,-0.6063384444932665,-2.064692392944337,0.9165031998166131,-1.770063153737654,-0.1543548005666056,-0.39450247948939704,-0.06005268180317012,-0.7883513952070098,-0.997728467559588,-1.398045403103062,-0.26761755158354106,-2.2308594010957816,1.230242657108149,1.0,0.0,0.0,0.0,1.0,0.0,0.0,0.0,0.0
422,procaine_dihydrate,procaine_dihydrate,procaine,10.1016/S0168-3659(98)00116-3,none,acetonitrile,False,44.1,-0.6063384444932665,-2.064692392944337,0.9165031998166131,-1.770063153737654,-0.1543548005666056,-0.39450247948939704,-0.06005268180317012,-0.7883513952070098,-0.855361372470614,-1.398045403103062,-0.26761755158354106,-2.2308594010957816,1.230242657108149,1.0,0.0,0.0,0.0,1.0,0.0,0.0,0.0,0.0
423,procaine_dihydrate,procaine_dihydrate,procaine,10.1016/S0168-3659(98)00116-3,none,acetonitrile,False,39.0,-0.6063384444932665,-2.064692392944337,0.9165031998166131,-1.770063153737654,-0.1543548005666056,-0.39450247948939704,-0.06005268180317012,-0.7883513952070098,-0.7129942773816402,-1.398045403103062,-0.26761755158354106,-2.2308594010957816,1.230242657108149,1.0,0.0,0.0,0.0,1.0,0.0,0.0,0.0,0.0
424,procaine_dihydrate,procaine_dihydrate,procaine,10.1016/S0168-3659(98)00116-3,none,acetonitrile,False,34.8,-0.6063384444932665,-2.064692392944337,0.9165031998166131,-1.770063153737654,-0.1543548005666056,-0.39450247948939704,-0.06005268180317012,-0.7883513952070098,-0.42826008720369235,-1.398045403103062,-0.26761755158354106,-2.2308594010957816,1.230242657108149,1.0,0.0,0.0,0.0,1.0,0.0,0.0,0.0,0.0
425,paclitaxel,paclitaxel,paclitaxel,10.1016/j.colsurfb.2014.07.030,PVA,acetone,False,52.5,3.0881516013838137,0.4921706816375188,3.2454510247148414,0.8116880177202664,3.3025495871229955,1.8573037087465416,2.844995800425179,0.669094305271213,-0.855361372470614,0.3655063550942997,2.9966646144029196,-0.12216273697564192,-0.23051884107549298,0.0,1.0,0.0,0.0,1.0,0.0,0.0,0.0,0.0
426,levofloxacin,levofloxacin,levofloxacin,10.1007/s11095-010-0142-6,poloxamer188,acetone,False,15.0,-0.040828696940989624,-1.061724004572449,-0.07080019524147939,1.0051091152562017,0.5370260769713147,-0.39450247948939704,0.5855136475809075,0.41767792843727786,-0.5706271822926663,-1.2216902272833259,-0.4596341495827446,1.1664852244311101,-0.23051884107549298,0.0,1.0,0.0,0.0,1.0,0.0,0.0,0.0,0.0
427,oxcarbazepine,oxcarbazepine,oxcarbazepine,10.2147/IJN.S77498,none,acetone,False,69.79,-0.7338989447274805,-0.28477666146746505,-0.33400553201816047,0.8285072435929565,-0.8457356781045259,-0.39450247948939704,-0.7056190111872477,-1.0915196827105174,-0.7841778249261271,-1.398045403103062,0.11641564441486606,-2.2308594010957816,-0.23051884107549298,0.0,1.0,0.0,0.0,1.0,0.0,0.0,0.0,0.0
428,oxcarbazepine,oxcarbazepine,oxcarbazepine,10.2147/IJN.S77498,TPGS,acetone,False,72.13,-0.7338989447274805,-0.28477666146746505,-0.33400553201816047,0.8285072435929565,-0.8457356781045259,-0.39450247948939704,-0.7056190111872477,-1.0915196827105174,-0.7841778249261271,-1.345138850357141,0.11641564441486606,-0.7079118103423474,-0.23051884107549298,0.0,1.0,0.0,0.0,1.0,0.0,0.0,0.0,0.0
429,kartogenin,kartogenin,kartogenin,10.1007/s10439-019-02430-x,PVA,acetonitrile,False,62.0,-0.3205343157314499,0.8877075108546012,-0.2659938170887854,1.9133473123814637,-0.8457356781045259,0.3560995832559158,-0.7056190111872477,-0.6100171084402407,-0.42826008720369235,-1.0453350514635897,1.0764986344108838,-0.12216273697564192,1.230242657108149,0.0,1.0,0.0,0.0,1.0,0.0,0.0,0.0,0.0
430,cisplatin,cisplatin,cisplatin,10.1016/j.jsps.2021.07.001,sodium-cholate,DMSO,False,45.13,-0.43037102136140776,-0.9487134819389968,-0.1843797591735356,1.7451550536545635,-0.8457356781045259,0.3560995832559158,-0.3828358464952089,-0.05403374381443111,-0.42826008720369235,0.3655063550942997,1.0764986344108838,-0.12216273697564192,4.151765653475433,0.0,1.0,0.0,0.0,1.0,0.0,0.0,0.0,0.0
431,rivaroxaban,rivaroxaban,rivaroxaban,10.1088/1361-6528/abd0b5,poloxamer188,acetone,False,91.35,0.432568139585585,-0.36953455344255426,0.22777123329847654,1.072386018746962,0.5370260769713147,-0.39450247948939704,1.2310799769649852,0.47047886432312513,-0.8909531462428575,-0.5162695240043812,-0.26761755158354106,1.1664852244311101,-0.23051884107549298,0.0,1.0,0.0,0.0,1.0,0.0,0.0,0.0,0.0
432,dexamethasone,dexamethasone,dexamethasone,10.1139/cjpp-2017-0795,none,acetone,False,34.57,0.15673761567275815,-0.8074503286471816,0.3785305347252574,1.627420472545733,0.19133563820235452,1.1067016460012287,-0.06005268180317012,-0.4736438303244761,0.2835753882411772,-1.398045403103062,-0.4596341495827446,-2.2308594010957816,-0.23051884107549298,0.0,0.0,1.0,0.0,1.0,0.0,0.0,0.0,0.0
